{"type":"FeatureCollection","name":"Chicago wards (2023-present), data.cityofchicago.org p293-wvbd, edit_date 2022-06-01, simplified tol=1e-05","features":[{"type":"Feature","properties":{"ward":1},"geometry":{"type":"Polygon","coordinates":[[[-87.68777205374418,41.928584651560044],[-87.68741562602493,41.91779451519217],[-87.68722069732127,41.91032086695694],[-87.67758604860663,41.910472744507835],[-87.67645426719088,41.910502959864154],[-87.6651918515206,41.910664714450284],[-87.66475219931792,41.90999165148979],[-87.66454542592565,41.909718164912015],[-87.66428330401551,41.909408351015706],[-87.66400322799952,41.9091187389468],[-87.66244976372043,41.907720488971414],[-87.6620828769761,41.90733804889906],[-87.66177995508029,41.9069552686722],[-87.66154034349118,41.906564460590545],[-87.66140197854081,41.906282284920735],[-87.6612913315684,41.905994946703004],[-87.66120631725965,41.90562441690336],[-87.66113638310388,41.904968657556424],[-87.66115071199397,41.90468474087375],[-87.66127348641103,41.90369281512952],[-87.66129153275018,41.90343908502684],[-87.66428831738087,41.90337968492114],[-87.66648515065995,41.90335838481548],[-87.66252990087084,41.90082331103065],[-87.66246596018533,41.89843628726138],[-87.66490904161708,41.89839346256579],[-87.66489740851267,41.89799089231508],[-87.66494738620175,41.89786536003996],[-87.66494976647841,41.8976899069521],[-87.66490533405934,41.89611086066298],[-87.66565835575273,41.89609847891598],[-87.66557821063559,41.89336866541385],[-87.65744375456127,41.893497701757724],[-87.6574303100526,41.89291964285785],[-87.65829193153837,41.89194277694987],[-87.65989065797464,41.89003077569998],[-87.65993220733006,41.889960500265815],[-87.66087837405433,41.889950299579844],[-87.66085034971478,41.88915072038392],[-87.66083534893458,41.889057276323044],[-87.66067605004592,41.88886122803124],[-87.660844909795,41.888904386216026],[-87.6619413380641,41.88888739289702],[-87.6621429999461,41.888945999904024],[-87.66221137843841,41.889004995445326],[-87.66223313430429,41.88994345110669],[-87.66364523517332,41.889940260415344],[-87.66548299748156,41.88990506096028],[-87.66551597755496,41.890999315612305],[-87.67202202636686,41.890903483280745],[-87.67228234765939,41.89963273049124],[-87.68448617642807,41.89942169907611],[-87.6845101552228,41.90033055873455],[-87.68695980204028,41.90029273378782],[-87.6871234815282,41.906666504228546],[-87.69203932600269,41.90662145824078],[-87.6921154260538,41.910124002435175],[-87.69210455890806,41.91044627948518],[-87.69220339217611,41.91394989452164],[-87.697093891231,41.9139065459921],[-87.69709689921058,41.91400370806427],[-87.6976131110293,41.91400346910231],[-87.69771557225913,41.91748483964218],[-87.70696743833962,41.91740170014386],[-87.70707450192462,41.92066284509125],[-87.70728411214766,41.9206967594494],[-87.70745714928054,41.92078979899393],[-87.70756967561218,41.92092740465681],[-87.70760599511686,41.92105737695505],[-87.70759713265986,41.92111457289463],[-87.70753614792702,41.92124494855338],[-87.70736650306462,41.921406234600134],[-87.70726965583889,41.921446294615606],[-87.70711287154053,41.92145174650704],[-87.70714207391796,41.92232299830414],[-87.70679226806335,41.92234242533975],[-87.70223325619015,41.922384930229015],[-87.7023021989383,41.92410012974346],[-87.7023466311845,41.92596813478101],[-87.70575161261465,41.92805888272955],[-87.70554522075986,41.92827291187531],[-87.70524863821026,41.92840173485756],[-87.70487535506405,41.928403167627536],[-87.70498089600585,41.93204084290161],[-87.69396400450542,41.93212407989401],[-87.69273800040216,41.93139299995442],[-87.69160299947326,41.93074899972359],[-87.69095499947821,41.93033199964044],[-87.69063199957118,41.93019300013683],[-87.68777205374418,41.928584651560044]]]}},{"type":"Feature","properties":{"ward":2},"geometry":{"type":"Polygon","coordinates":[[[-87.62584779947981,41.90398759452859],[-87.6237226846451,41.904049174453114],[-87.62360684811267,41.9039474155917],[-87.6231686187749,41.90372401569529],[-87.62287360517102,41.90347551118249],[-87.62259114781163,41.903188144063115],[-87.62229604944946,41.90284831097492],[-87.62192951174332,41.90236906577251],[-87.62185765994073,41.90219707764457],[-87.62186826540525,41.90204585436227],[-87.62139741350744,41.90190391328602],[-87.62056998059403,41.90174993302202],[-87.61987604035743,41.90154639253441],[-87.61963812441806,41.901417335452344],[-87.61941406308176,41.90126465184099],[-87.619163401609,41.90102047578491],[-87.6190353717602,41.90085700117822],[-87.61880337404642,41.900484044577894],[-87.61720092253273,41.89806404878678],[-87.6168485740409,41.89755024408056],[-87.61636158011491,41.896881863233595],[-87.61490652159446,41.894671208680144],[-87.61368620710584,41.89312901729096],[-87.61406559148084,41.89296178403343],[-87.61398491626154,41.89275278830979],[-87.61396225366606,41.89258272373699],[-87.61393536491539,41.892242708262614],[-87.61389367569537,41.89111014121055],[-87.62150325439583,41.89097986779497],[-87.621629878257,41.89095555569615],[-87.62264936955243,41.89093752534144],[-87.62275836365984,41.89496920853526],[-87.62815340381552,41.894876053736034],[-87.62817461586125,41.895678803793665],[-87.62682598642975,41.89569884163079],[-87.6268497363433,41.896695259254514],[-87.62424255471943,41.89673394444031],[-87.62420137468688,41.89696438186227],[-87.62409540951914,41.89785047170732],[-87.6241418708805,41.89972647017591],[-87.62419260094106,41.90044986134318],[-87.6241765327961,41.9005991946599],[-87.62411765970477,41.90082047423933],[-87.62419006442629,41.90087494072296],[-87.6242277077296,41.900946437561515],[-87.62420763649142,41.90133861925171],[-87.62423390741796,41.901614859000055],[-87.62431321481714,41.90176956651894],[-87.62444905968975,41.902177539343604],[-87.62450684975883,41.90243807181716],[-87.62832099018243,41.90237276578716],[-87.62834985594638,41.90232306794573],[-87.6283563917044,41.90218030203313],[-87.62828973938754,41.89993699016828],[-87.62986454547628,41.89991172432205],[-87.62981546730832,41.89798888808561],[-87.63054956305699,41.8979778784589],[-87.63051734134707,41.896645722537656],[-87.63420286798137,41.896595808633776],[-87.63423344803131,41.8974190341451],[-87.63719990063291,41.897382252940126],[-87.63718519691483,41.89697952730213],[-87.63803745241566,41.89697986044444],[-87.63813111276637,41.89704107787091],[-87.63869147938242,41.897034206039564],[-87.6387689341271,41.89892287286013],[-87.6372617025369,41.898943508880436],[-87.6372316188717,41.898162608616644],[-87.63426200685551,41.898204114327044],[-87.63438160655711,41.90132459704428],[-87.63292999979679,41.90133400025861],[-87.63298299949415,41.90311200022073],[-87.63142394429626,41.90313510552807],[-87.63144510729276,41.90390085877101],[-87.63701551966973,41.90381126782578],[-87.63709699969047,41.90490500030055],[-87.63712000771727,41.90568624484066],[-87.63842053837507,41.90566224714057],[-87.63848350620049,41.90760068700385],[-87.63718499052243,41.90762175076591],[-87.6371800178763,41.90805747524865],[-87.63727799970611,41.909809999850246],[-87.63730900054297,41.9099459998367],[-87.63742399955177,41.91019199965933],[-87.63749099969407,41.91026899996693],[-87.63760197021905,41.9103416560378],[-87.6376238027319,41.911128698900335],[-87.636662420764,41.911142236292086],[-87.63668357138921,41.91174973554886],[-87.63805521492095,41.91172300083141],[-87.63803933006011,41.91117919642982],[-87.63859435840905,41.91117248922246],[-87.63853410171038,41.90924185041156],[-87.64095621944712,41.90920984953693],[-87.64083673764348,41.90512753137012],[-87.64083999451572,41.90508355605712],[-87.64085734166746,41.90506333106681],[-87.64110846432105,41.9048729402058],[-87.64211410481855,41.90559602717159],[-87.64206109212112,41.905760319299546],[-87.64216659051709,41.90919345080691],[-87.64337780838913,41.90917671037965],[-87.64341287311534,41.91042675496532],[-87.6440800000997,41.91042699975357],[-87.6442529998728,41.910231999803415],[-87.64545299957913,41.91023200017569],[-87.6453470003782,41.91073800039524],[-87.64535599395008,41.91096277182518],[-87.64584458796932,41.91095561080097],[-87.64586286604518,41.911422070813785],[-87.64707201101669,41.91140364406157],[-87.64707600658966,41.91093723091418],[-87.6462499600076,41.91094966669711],[-87.64615299982503,41.91023200038054],[-87.6468999994376,41.91013599985116],[-87.64702195429558,41.91014220737372],[-87.6472546646876,41.9100279561583],[-87.64774996202785,41.90964394996024],[-87.64825097201233,41.91000318067971],[-87.64821145595963,41.9085769482765],[-87.6510393844657,41.9085342020586],[-87.65110572389631,41.910873785874124],[-87.65407963188241,41.910824100972725],[-87.65547934534241,41.91249852789532],[-87.65489294003696,41.91276564890761],[-87.654387584081,41.91305218922876],[-87.65778112869086,41.91616546409581],[-87.65910240293373,41.91711801754932],[-87.66013687020066,41.91709549967142],[-87.66021686339269,41.91721115482147],[-87.66033056754948,41.91731382389503],[-87.6630368755731,41.91929188587268],[-87.66313313504816,41.91940720535432],[-87.66314217741734,41.919450294143395],[-87.66316438177428,41.92058391022827],[-87.66318501725333,41.92074098962776],[-87.66811150695132,41.92427774266858],[-87.6681458152771,41.92515157985834],[-87.65724882172263,41.92531179371081],[-87.65718665420448,41.92349536109294],[-87.65839416734066,41.923476621287946],[-87.65833494855077,41.92166144216534],[-87.65712567418203,41.92167999276421],[-87.65706737859128,41.91986707685665],[-87.65827908575505,41.91984698534081],[-87.65820343083644,41.917343433699315],[-87.65821405333219,41.91728029622674],[-87.65828012022459,41.917193960765495],[-87.65339555059343,41.91369543876237],[-87.65321230393802,41.913734790300985],[-87.65320541147914,41.91355983856747],[-87.64950135467393,41.91090048646488],[-87.64827157340306,41.910919619702796],[-87.64836123578198,41.913827162279865],[-87.64444886647719,41.91388576143116],[-87.64435615713003,41.91098676000089],[-87.64361512009512,41.91100492411696],[-87.64306359882795,41.91104328567232],[-87.63980635988075,41.911096804877026],[-87.63986089957989,41.912874731745184],[-87.63977491651767,41.9128645446297],[-87.63877777213426,41.912876195549515],[-87.63838241163064,41.91282331171017],[-87.63311497985897,41.91291066242112],[-87.63306919586367,41.91297962980915],[-87.63291344894031,41.913070473570684],[-87.63281457097706,41.91310764035419],[-87.63186089968048,41.91155267058809],[-87.63171176990109,41.91129160660086],[-87.63168235155709,41.91118052890782],[-87.63138196673752,41.91119776931426],[-87.63100570934806,41.9111891842382],[-87.62888562417793,41.911223007566925],[-87.628786591438,41.9080044414582],[-87.62877287829507,41.90659884438489],[-87.62871026439143,41.90485436457404],[-87.62584083968568,41.904902037847485],[-87.62584779947981,41.90398759452859]]]}},{"type":"Feature","properties":{"ward":3},"geometry":{"type":"Polygon","coordinates":[[[-87.6203963520589,41.86717860440312],[-87.61931300242821,41.8639517031427],[-87.61884481367194,41.862643862524884],[-87.61852673664478,41.862077002734175],[-87.61824216464152,41.86129857825662],[-87.61753749866634,41.85963182015756],[-87.61674636220144,41.85797879276922],[-87.61776800025442,41.85797700011179],[-87.61888199963147,41.857921999943905],[-87.61872200013805,41.857644000299054],[-87.6177689994826,41.855567999858025],[-87.61732899950658,41.85408399994947],[-87.61705299943776,41.85301299958019],[-87.61773742930912,41.85302215943232],[-87.62066590871638,41.852983424337005],[-87.6206629410591,41.85282855118995],[-87.62226925014559,41.852808371945805],[-87.62222299997457,41.85210899961125],[-87.62225375269308,41.85152401915336],[-87.62217448390139,41.84838972225846],[-87.622756000295,41.84846700032225],[-87.62324199967627,41.84846999979264],[-87.62368844835974,41.84842039506944],[-87.62366854254158,41.847467725742064],[-87.62357997309249,41.847384087381904],[-87.62351595968617,41.84670723170823],[-87.62340457014513,41.84608302070813],[-87.62322642196581,41.839171725803006],[-87.62331299759757,41.8383458499592],[-87.62192481652411,41.838364659521254],[-87.62187837260959,41.83649707867753],[-87.62164799995553,41.836541000145694],[-87.61944408744863,41.83656765052615],[-87.61941094559833,41.83474071784107],[-87.62062074878955,41.83472031321575],[-87.62055072292576,41.83107060017184],[-87.61840620968451,41.83109137994678],[-87.61833685246437,41.82745529081015],[-87.61707187350862,41.82747366551886],[-87.61699682486675,41.82383410761632],[-87.61262427235455,41.82389080558889],[-87.61335759525402,41.820567540902104],[-87.61407238804718,41.816890388045856],[-87.61409518237373,41.8167481845671],[-87.61409010853106,41.8166827513845],[-87.61285769014465,41.81670647263649],[-87.61279734129376,41.814890334929814],[-87.6083194996668,41.814967275049206],[-87.60827830620364,41.81314866702727],[-87.6099122548072,41.813123182780465],[-87.60986663940429,41.811305994596474],[-87.61149869336604,41.81127964564028],[-87.61141109271689,41.80764251929257],[-87.61262853853242,41.807624591402394],[-87.61258736269271,41.80580335442706],[-87.61555474719724,41.8057555030512],[-87.6155068988802,41.80393648009504],[-87.61645151127163,41.80392247763674],[-87.61641116536286,41.80319417155966],[-87.61636477587248,41.80297966308074],[-87.61626123771099,41.802686860674406],[-87.6161107442608,41.80210252359545],[-87.61614296601584,41.801909580324185],[-87.61613348740482,41.80090156868877],[-87.6159579289108,41.79392225961935],[-87.62082352068653,41.79383036570983],[-87.62084610137212,41.79472287219379],[-87.62537020634177,41.794640129702685],[-87.62678463140911,41.79463158437544],[-87.62683199528844,41.79635607316875],[-87.62687276919118,41.79640006759064],[-87.62727558889547,41.79647664051288],[-87.62783693045108,41.796469276061394],[-87.62798418260235,41.80191155286999],[-87.62883100704977,41.80189214372047],[-87.62885599991345,41.80381599965736],[-87.62893899986047,41.805017999673986],[-87.62896400052078,41.80597500016562],[-87.62891600608279,41.80918519845227],[-87.62899001044335,41.81212852097551],[-87.62912596967291,41.816450145852386],[-87.63356289735286,41.81638385179767],[-87.63355352910492,41.816451602809266],[-87.63359005408809,41.81773672140779],[-87.63537915183859,41.817710695542054],[-87.63537421308355,41.8174587898704],[-87.63523168712116,41.817263494930934],[-87.63520487397543,41.81635765880857],[-87.63471780398524,41.8163653738614],[-87.63460646363578,41.81249799943131],[-87.63346197958835,41.8125158556042],[-87.6334422050257,41.81173892309963],[-87.63201331626608,41.81176215702259],[-87.6319767821498,41.810316214064905],[-87.63224785035075,41.80987176185234],[-87.63339246907937,41.80984994976912],[-87.63338278155737,41.8094756308855],[-87.63477066979681,41.80944821217702],[-87.63475450990803,41.809068318649246],[-87.63583626029146,41.80904594407621],[-87.63594399943293,41.81172200022343],[-87.63595300309127,41.81267310827586],[-87.63593799996222,41.81394599984686],[-87.63597999995706,41.81478000027719],[-87.6359760005956,41.815524999883685],[-87.63605339598917,41.81905202004936],[-87.63615100045143,41.821832999671074],[-87.63635398378686,41.82358276497915],[-87.63376316158178,41.82361591835839],[-87.6338415219229,41.827264632831955],[-87.63262719992335,41.82728103481703],[-87.63266678158531,41.8290350974877],[-87.6325710462686,41.82905221430141],[-87.63146528430138,41.8290631132292],[-87.63150429566412,41.83093870210807],[-87.62959382311121,41.830970197920074],[-87.62964499951326,41.83252099960547],[-87.62968419431697,41.83462455069819],[-87.62978400042384,41.83825600007138],[-87.62978999988303,41.839504000254415],[-87.62986306237119,41.84190821439014],[-87.62995595002667,41.84427532680417],[-87.62994399052724,41.84668291041093],[-87.63004300034278,41.84717900026981],[-87.63006500820389,41.84794068679769],[-87.6301319996433,41.849258999856424],[-87.63008499952548,41.850490999957195],[-87.63008200039711,41.85113200016057],[-87.63010900001247,41.85211199990699],[-87.6301739994572,41.85263599962006],[-87.63026699953592,41.852939000117466],[-87.63006771775628,41.8529410158715],[-87.63011315980333,41.85350807180823],[-87.63015739858479,41.854961563328914],[-87.63015867457824,41.855501969452014],[-87.63027301467949,41.859537134669516],[-87.63026426984618,41.86012116728997],[-87.63193411680524,41.86014799153752],[-87.63390882765589,41.86013615467744],[-87.63488332996657,41.86010520357957],[-87.63509600028607,41.86725799971787],[-87.63530108171162,41.86724899329171],[-87.63531900052271,41.86736100036472],[-87.6326619998297,41.867407000154806],[-87.63266399977688,41.86726400016783],[-87.63129500048359,41.86729399973966],[-87.62748599993729,41.86733799987428],[-87.62747300044248,41.865742000015516],[-87.62383598177487,41.86578824972665],[-87.62263499942627,41.86582399989538],[-87.62267300025498,41.867562000112365],[-87.62040864729127,41.867587021901365],[-87.6203920000598,41.8674350002322],[-87.6203963520589,41.86717860440312]]]}},{"type":"Feature","properties":{"ward":4},"geometry":{"type":"Polygon","coordinates":[[[-87.62429116649399,41.8770045498835],[-87.62420015170167,41.873161610620336],[-87.61622810575871,41.87327858451534],[-87.61620000885,41.87196993415094],[-87.6162809223683,41.871967392629855],[-87.6162734618622,41.87178065576723],[-87.61623374304975,41.87171435331791],[-87.61623437703034,41.87162799653135],[-87.61626785034603,41.87155674454274],[-87.61621190316743,41.868898702031025],[-87.61594406199623,41.868791156243425],[-87.61570508015497,41.86865064048169],[-87.61550218122038,41.868481369558005],[-87.61535245924537,41.868304279940006],[-87.61473987946698,41.86832437878388],[-87.61449099997262,41.86842229911975],[-87.61431334779142,41.86846751049619],[-87.61413894289011,41.86849476570783],[-87.61380514937726,41.86850686428008],[-87.6134710734308,41.86850139534313],[-87.6132141227678,41.868477446067274],[-87.61298163023112,41.86841037290105],[-87.61277324995648,41.86830826969584],[-87.61259817932306,41.86817569421081],[-87.61246436039927,41.8680185963885],[-87.61236553355016,41.8678187159553],[-87.61233281582004,41.86763288976643],[-87.61235279503619,41.867446050188924],[-87.61242453124575,41.86726645013109],[-87.61253443956731,41.8671140386446],[-87.61268930579101,41.8669693189796],[-87.61268784246168,41.86675308995344],[-87.61065553027521,41.86678046648432],[-87.61060239483007,41.86681737295651],[-87.60774861126751,41.86685859833693],[-87.60764592690553,41.86695589233237],[-87.60752593479177,41.86704135800171],[-87.60731873968491,41.86714375244319],[-87.60700656198712,41.86722534105349],[-87.60675914604249,41.86724175134856],[-87.60643261962807,41.867202500970194],[-87.60613379826245,41.86709663053406],[-87.60594228329528,41.866978347144],[-87.60583508674627,41.86688384261625],[-87.60574684277942,41.86677897538002],[-87.60567925153798,41.86666581263143],[-87.60563368357826,41.86654669767732],[-87.60560857394265,41.86636196036699],[-87.60562113468256,41.86623841220064],[-87.60565690691286,41.866117424921015],[-87.60571512722028,41.866001410187685],[-87.60579470525207,41.86589272175615],[-87.60589399889129,41.86579351360331],[-87.60605108606272,41.865680870022864],[-87.60604539216463,41.86479361790043],[-87.60629255744637,41.8647853313228],[-87.60629655722677,41.86493450733531],[-87.60631345239804,41.8649662829265],[-87.6065857113256,41.865212572364605],[-87.60667429113865,41.86523261807253],[-87.60686996233076,41.86518122106673],[-87.6070921715946,41.865058914932106],[-87.60724430319956,41.86493265399822],[-87.60735767842137,41.86481191006488],[-87.60745107540949,41.864681957093005],[-87.60750986611954,41.86455738276397],[-87.60757256285089,41.86435994497311],[-87.6075792998492,41.864273956235955],[-87.60757511577259,41.86410172851681],[-87.60752502994032,41.86384625136126],[-87.60695489218931,41.86237441863804],[-87.60691879267065,41.862346391332885],[-87.60680670394306,41.86231168086955],[-87.60676527805775,41.86220603999744],[-87.60673748113024,41.86218733958957],[-87.60662433806257,41.862164723782875],[-87.60653156708888,41.862203847236884],[-87.60641300772608,41.86206958867062],[-87.60608571950858,41.86207407563853],[-87.60608026758635,41.86205628635812],[-87.60604199608733,41.86205151527894],[-87.60602100470345,41.86200547117214],[-87.60596688784045,41.86008018293172],[-87.60683766182727,41.86005692585364],[-87.60707239287152,41.8599583823527],[-87.60674760110413,41.85562814898381],[-87.60659666022526,41.85341071494026],[-87.60651328951768,41.85341501861358],[-87.60651073482207,41.85335858058915],[-87.60839363135561,41.85319503986369],[-87.60875835678226,41.85317044815973],[-87.60900419733828,41.853181329131026],[-87.60931652878789,41.85325588332667],[-87.60958810474649,41.85339321744471],[-87.60977505079127,41.85355885760273],[-87.60984694187988,41.85366114930813],[-87.60989728304904,41.85377038643322],[-87.60992306207396,41.85388018189958],[-87.60991410423196,41.85403668449113],[-87.609449616901,41.85640734494896],[-87.6093418150698,41.85667019689856],[-87.60933520444915,41.85681702646715],[-87.60935995997248,41.85691336982074],[-87.60940651466751,41.857003647209254],[-87.60946418210311,41.85707840697262],[-87.60966201117625,41.85725001667016],[-87.60977043996772,41.85737756723323],[-87.60985836352407,41.85751363092033],[-87.60992459033902,41.85765642029383],[-87.60997357862894,41.85783052303711],[-87.60999379123912,41.85808260062898],[-87.60997959324766,41.85818616053226],[-87.60987979374173,41.85848808598491],[-87.60988532908972,41.85864343276823],[-87.60994245177099,41.85879139034905],[-87.61000783201666,41.85888236316236],[-87.61022108999828,41.859059941965015],[-87.61039343904534,41.85916421081889],[-87.61044510287509,41.85921837924131],[-87.61047611591117,41.859280758444534],[-87.61047620546645,41.85939011738998],[-87.61039691944023,41.8595818812096],[-87.6103637495507,41.85970776906407],[-87.6103626535172,41.85986366377369],[-87.61042572780767,41.86008135140663],[-87.61046078277157,41.860130501196906],[-87.61054660097233,41.86018329272819],[-87.61066811245591,41.8602059006106],[-87.61067484797748,41.86065092401523],[-87.61053016977863,41.86068730756768],[-87.6104545134197,41.860752363754784],[-87.61042485984768,41.86084937902778],[-87.61034789333087,41.8608482084743],[-87.61036128339039,41.86139640170735],[-87.61028472148145,41.86139827951747],[-87.61003622561829,41.86180272707148],[-87.60989760646966,41.862108770914574],[-87.6097762299197,41.862487645683025],[-87.60979864393404,41.86249225979584],[-87.60971335898964,41.86286719145562],[-87.60967391938736,41.86324589623735],[-87.6096572646607,41.86324812318018],[-87.60965476018093,41.863287789996136],[-87.6096278312457,41.863289622668255],[-87.60962823974299,41.863373873894005],[-87.60965239810854,41.8633769900531],[-87.60965044839587,41.863403240758636],[-87.60960534477732,41.86340515247321],[-87.60961119323184,41.863508455012514],[-87.60964508492076,41.86350770791582],[-87.60973986391083,41.86409143081282],[-87.60988504033229,41.86446767564438],[-87.60996908481059,41.864629457249016],[-87.60995548202281,41.864634338758805],[-87.6101001818815,41.86490325318257],[-87.61037087800086,41.86532202850419],[-87.61044764035785,41.865318917537735],[-87.61048037203824,41.86586465170044],[-87.61266898999735,41.865842732057956],[-87.61265013882664,41.86527891668474],[-87.61274107800811,41.86528832417295],[-87.61284682934765,41.86508064394241],[-87.6131308400903,41.86444877877412],[-87.61328603865113,41.864028563614596],[-87.61342400695979,41.8634617805783],[-87.61344995343973,41.86327931412424],[-87.61345376190253,41.86301506762415],[-87.61339399924294,41.86273335212371],[-87.61325964539303,41.86237614066497],[-87.61295348349626,41.8617999595232],[-87.61264823434378,41.86137186264247],[-87.61256111118661,41.861372879793386],[-87.61254825026401,41.860824799947835],[-87.6124714165765,41.860827993812975],[-87.61246307316236,41.860773468892624],[-87.61241762185286,41.860705180690765],[-87.61235833186223,41.86066619729376],[-87.61220548103591,41.860634351378856],[-87.61220634300456,41.86046105516629],[-87.61239051419993,41.86045487183051],[-87.612393301752,41.860353708778014],[-87.61215037745458,41.860345542668696],[-87.6121524966101,41.86026627536813],[-87.61218663329281,41.86026500685763],[-87.61218316548688,41.86017511103727],[-87.61231561610174,41.860151903482105],[-87.61240859621343,41.86008382521168],[-87.61244271350864,41.85998766124083],[-87.61240334160601,41.859786919391226],[-87.61224285227954,41.859404214964066],[-87.61220091199299,41.85926525645898],[-87.61216500718007,41.858667826120545],[-87.61218679596541,41.858584347153155],[-87.61226529495207,41.85850761488215],[-87.61240293163492,41.858489873346436],[-87.61253910900513,41.85849418630084],[-87.61272621826832,41.858356563522435],[-87.6128350100877,41.85818725944428],[-87.61296801618691,41.85785576531364],[-87.61304175763179,41.85761105618814],[-87.61307047702525,41.85718445006416],[-87.61303986167177,41.85696371620068],[-87.6129746189441,41.85675725526629],[-87.61289917588243,41.85658150584986],[-87.61285259239398,41.856355827898994],[-87.61273387741525,41.85613403432535],[-87.6126282837705,41.85599561015924],[-87.6125029426605,41.85586672084195],[-87.61232011993549,41.855718426465934],[-87.61142608802703,41.85515023954362],[-87.61130593859184,41.855043335524805],[-87.61116160723762,41.85486399702012],[-87.61109026991056,41.85472855897386],[-87.61102238359003,41.85450488727241],[-87.6109998549937,41.8540930804171],[-87.61093697783674,41.85370815971912],[-87.61082110880876,41.853325458084605],[-87.61071682936353,41.85307768187616],[-87.61059042390055,41.85283569419557],[-87.61037318485673,41.85250476854375],[-87.60938799615735,41.85128299445418],[-87.60930488657652,41.85113754752303],[-87.60924383118866,41.850986118131026],[-87.60918826199948,41.85068653559868],[-87.60919854574885,41.8504484530167],[-87.60949800442746,41.848980955747905],[-87.60952146498701,41.84870014741475],[-87.60954334786283,41.8486962247655],[-87.60948965328454,41.84807422797598],[-87.60943316723753,41.8478496671793],[-87.60932587735266,41.84763570818705],[-87.60853809034623,41.846576476862154],[-87.60847248097464,41.84643539288937],[-87.60842942616233,41.84628951013829],[-87.60840838459801,41.84606613224862],[-87.60845001359806,41.84580849021058],[-87.60854071843536,41.84560552069804],[-87.60868487636711,41.84540094002256],[-87.60900158152597,41.84500611777582],[-87.60910670557656,41.84480329363897],[-87.60914874758882,41.84466159857219],[-87.60916766203025,41.844517178177945],[-87.6091501221155,41.84423871768703],[-87.60907241209708,41.84419474009541],[-87.60891566337943,41.84395529504409],[-87.60886701397031,41.843804383792914],[-87.60877127208916,41.84336451834992],[-87.60872156026097,41.84330772785337],[-87.60858152749339,41.84307466318247],[-87.60847385710036,41.84294848003513],[-87.60817672812583,41.842507342894336],[-87.60801956159833,41.84230554548327],[-87.60802097890011,41.842180050736864],[-87.60797502589455,41.84179069950814],[-87.60797949054549,41.841395392141266],[-87.60794734336574,41.841269685400185],[-87.60784934322868,41.84103060980942],[-87.60773349773547,41.84088554895965],[-87.60752760493376,41.840560308971064],[-87.60698398238021,41.84066738626112],[-87.60667816408731,41.840561373666205],[-87.60671361417837,41.84050343649052],[-87.60699497608185,41.840600110805596],[-87.60750090408759,41.84050284581975],[-87.60746117865811,41.84045995077972],[-87.60743327035468,41.84039396000645],[-87.60745016255794,41.84034815001788],[-87.60734791349776,41.84010499195485],[-87.60721091886383,41.83965162911042],[-87.60709522971896,41.839512038180025],[-87.60670126510985,41.839302629811066],[-87.6065122344612,41.83914391189905],[-87.60645125116174,41.839084799094564],[-87.60615627769003,41.83863502229914],[-87.60470984461077,41.838960061414426],[-87.60427773000858,41.83958213978007],[-87.60427494687946,41.839827327763494],[-87.6041850629987,41.839828574082965],[-87.60419546237759,41.83955437308153],[-87.60466703428618,41.83887987149847],[-87.60613498846514,41.83855127685462],[-87.60607903563307,41.83802381212778],[-87.60610453503342,41.837842758165365],[-87.60607167479809,41.83729305966986],[-87.6059748959408,41.836865715005956],[-87.60584678590702,41.836444015939975],[-87.6056550245785,41.836121291023915],[-87.6053082676576,41.83568067072215],[-87.60509187043311,41.83546300949852],[-87.60455786881568,41.83499197068759],[-87.60454429176853,41.834810669936545],[-87.60473439404969,41.83458974062154],[-87.60503332208611,41.83442211284993],[-87.60494390534213,41.83403573277454],[-87.60486846384163,41.83379558286562],[-87.60474559771747,41.83360189700329],[-87.60455305332609,41.83334931208458],[-87.60435156911892,41.83319604770604],[-87.60407152873027,41.83307735725243],[-87.6039156775496,41.833035447745665],[-87.60348607818678,41.83300933584437],[-87.6033536759663,41.83296757457394],[-87.60322922169877,41.83291417266531],[-87.60301244206275,41.832731579838104],[-87.60279652652943,41.832472998293056],[-87.6027043338755,41.83233211619081],[-87.60276542489379,41.83177132196019],[-87.60273575744571,41.83163083754322],[-87.60270768546735,41.831350067544655],[-87.60259417546311,41.831021989059394],[-87.60250238543586,41.8308460353924],[-87.6023946969949,41.83069336339844],[-87.60208560436708,41.83038157654813],[-87.60163690419964,41.82997536969742],[-87.60029643806182,41.82826573743498],[-87.60016478135584,41.82815967529477],[-87.60006471832206,41.82802458670904],[-87.59997200423089,41.827930463961565],[-87.59921220068163,41.82739365599521],[-87.59870021674233,41.82705718004527],[-87.59825770478643,41.826797140286345],[-87.59794784814646,41.82655548427445],[-87.59775488418396,41.82634380495898],[-87.59763960113753,41.82617354370424],[-87.59757848663683,41.826050392497734],[-87.59748157943676,41.825640576126986],[-87.59748318585869,41.82550029057616],[-87.59750830359637,41.825354309680556],[-87.5976225286332,41.82493415470641],[-87.597697076865,41.82456635553384],[-87.59763283408297,41.82403398858823],[-87.59753499243577,41.82370600600815],[-87.59733750347284,41.82320785916454],[-87.59732836955865,41.82311161821177],[-87.59725718606417,41.82292016034174],[-87.5972464915446,41.82279687551254],[-87.59728127660213,41.82280286065279],[-87.59732848235303,41.822845424599116],[-87.59734466885983,41.82284168652819],[-87.59732679248162,41.82273674080364],[-87.59725110239259,41.822682468060975],[-87.59724778079354,41.82265225988915],[-87.59727092091295,41.82261783029055],[-87.5971962910225,41.82261350934015],[-87.59720557926735,41.82257130740541],[-87.59712817203904,41.82253897767534],[-87.59711300268506,41.82251802477415],[-87.59709294548885,41.82241141829261],[-87.59705750385505,41.822366734605666],[-87.59702018817181,41.82222928228066],[-87.59686817523193,41.822048283024195],[-87.596839783292,41.82196467467748],[-87.59667920727665,41.821826431837806],[-87.59658974067828,41.821694133418006],[-87.59641794981977,41.82151026333242],[-87.59620353018774,41.82133270547867],[-87.5960633669358,41.821142451766015],[-87.59586211845581,41.82084038664187],[-87.59577912678128,41.82065543983122],[-87.59571049147961,41.82056224336131],[-87.5956944543099,41.82048914279193],[-87.59573030732084,41.82043393764859],[-87.5956457332143,41.82032307567953],[-87.59511506010487,41.819813622549745],[-87.5946879405097,41.81973495210169],[-87.59462069093422,41.81969556423222],[-87.59450230877852,41.819574038133965],[-87.59432686934014,41.819432665786906],[-87.593701254885,41.81903907606943],[-87.59348514550024,41.818811738117645],[-87.59334548834006,41.81872902918337],[-87.5929566875059,41.81857459438138],[-87.59268267325827,41.818401419408886],[-87.59261565197355,41.81834255277983],[-87.59238994195408,41.8180450289473],[-87.59223668753528,41.81778692846357],[-87.59219103507388,41.81768145151777],[-87.59215283882678,41.816929347705766],[-87.59215726693226,41.81658048730727],[-87.59198894400306,41.81628905730802],[-87.59189790599079,41.81623083924962],[-87.59177972856361,41.81612250083186],[-87.59171177975573,41.81603424656637],[-87.59160600014334,41.81598197084015],[-87.59150254431054,41.8159824002743],[-87.59145586378291,41.81595849793261],[-87.5913019481009,41.81569076171445],[-87.59117904710291,41.81540566075108],[-87.59115515299274,41.81537806281468],[-87.59110985251606,41.81536185373087],[-87.59089094487956,41.81500423373338],[-87.59069342914172,41.81482732302446],[-87.59067780977523,41.81478221536458],[-87.59061916015803,41.8147148753576],[-87.59050437634197,41.81468010531055],[-87.59045851486543,41.814649073486535],[-87.59037369145861,41.81449758936686],[-87.59034648926975,41.814375568200525],[-87.59036811231181,41.81434552023713],[-87.59049619576585,41.81437214543306],[-87.5905170109583,41.814348678275074],[-87.59042394759543,41.814211960655186],[-87.59032421116508,41.814144904867746],[-87.590288454121,41.81393775609902],[-87.59025376107452,41.81389252499154],[-87.59021948343594,41.81374795466991],[-87.59018393711386,41.81371314677134],[-87.59013365091047,41.81362061390627],[-87.59006021035272,41.813563606655464],[-87.59003581415394,41.81351624705434],[-87.58982706988147,41.813295904016115],[-87.5897244765676,41.813222242249466],[-87.58966242801608,41.813131828079435],[-87.58956643701539,41.81305820891448],[-87.58934443996277,41.81296895474882],[-87.58912977718323,41.81281662864307],[-87.58891134681026,41.81254627515731],[-87.58882618458223,41.812361308142215],[-87.5887567462599,41.81227578579681],[-87.58850687375103,41.812123230279504],[-87.5883002044307,41.812041208749314],[-87.5879977247432,41.81199698404433],[-87.58770944597701,41.81198081649463],[-87.58765634401992,41.811970125869216],[-87.5876442137539,41.811943811825834],[-87.58755598752377,41.81193486850049],[-87.58737753147355,41.811874653086406],[-87.58733673282765,41.811837506195296],[-87.58731910643615,41.81172542329547],[-87.58729227411943,41.811673136770715],[-87.58719887266895,41.81160452667666],[-87.58719623970585,41.8115595028769],[-87.58722165979715,41.8115089548764],[-87.58720644072854,41.81148967316408],[-87.58707744614203,41.81143557139986],[-87.58893562053852,41.81089231836464],[-87.59023184056058,41.81038082996924],[-87.59010607541194,41.810151538016164],[-87.59009098932572,41.8100985304181],[-87.59019696786623,41.80975823990362],[-87.59020160644427,41.809696551794005],[-87.5901864513013,41.80964941674326],[-87.58993536871242,41.80925955918771],[-87.58857299858002,41.807288853284106],[-87.58841974158791,41.80710613364959],[-87.58833353040392,41.80702198418849],[-87.58823224491775,41.80695370820632],[-87.58773608767824,41.80678794580954],[-87.58911500029278,41.80636399994795],[-87.58843099953306,41.80501299973352],[-87.58817700016345,41.80438599997838],[-87.58778099948508,41.803279999628415],[-87.58755681824066,41.802478195055386],[-87.58785733329933,41.80247521985002],[-87.58771082227304,41.80197830944181],[-87.58752153513102,41.80113945025607],[-87.58738208749281,41.80029346838967],[-87.58730177485377,41.799564018392445],[-87.59664188399888,41.799457503848004],[-87.59670681790345,41.80236586240177],[-87.60420231918523,41.80228130533299],[-87.60425645139394,41.80409402900652],[-87.60548238210322,41.80408380075612],[-87.60593681371411,41.80409691532239],[-87.60659642300215,41.80407512859337],[-87.61254581660111,41.80398265655895],[-87.61262853853242,41.807624591402394],[-87.61141109271689,41.80764251929257],[-87.61149869336604,41.81127964564028],[-87.60986663940429,41.811305994596474],[-87.6099122548072,41.813123182780465],[-87.60827830620364,41.81314866702727],[-87.6083194996668,41.814967275049206],[-87.61279734129376,41.814890334929814],[-87.61285769014465,41.81670647263649],[-87.61409010853106,41.8166827513845],[-87.61409518237373,41.8167481845671],[-87.61407238804718,41.816890388045856],[-87.61335759525402,41.820567540902104],[-87.61262427235455,41.82389080558889],[-87.61699682486675,41.82383410761632],[-87.61707187350862,41.82747366551886],[-87.61833685246437,41.82745529081015],[-87.61840620968451,41.83109137994678],[-87.62055072292576,41.83107060017184],[-87.62062074878955,41.83472031321575],[-87.61941094559833,41.83474071784107],[-87.61944408744863,41.83656765052615],[-87.62164799995553,41.836541000145694],[-87.62187837260959,41.83649707867753],[-87.62192481652411,41.838364659521254],[-87.62331299759757,41.8383458499592],[-87.62322642196581,41.839171725803006],[-87.62340457014513,41.84608302070813],[-87.62351595968617,41.84670723170823],[-87.62357997309249,41.847384087381904],[-87.62366854254158,41.847467725742064],[-87.62368844835974,41.84842039506944],[-87.62324199967627,41.84846999979264],[-87.622756000295,41.84846700032225],[-87.62217448390139,41.84838972225846],[-87.62225375269308,41.85152401915336],[-87.62222299997457,41.85210899961125],[-87.62226925014559,41.852808371945805],[-87.6206629410591,41.85282855118995],[-87.62066590871638,41.852983424337005],[-87.61773742930912,41.85302215943232],[-87.61705299943776,41.85301299958019],[-87.61732899950658,41.85408399994947],[-87.6177689994826,41.855567999858025],[-87.61872200013805,41.857644000299054],[-87.61888199963147,41.857921999943905],[-87.61776800025442,41.85797700011179],[-87.61674636220144,41.85797879276922],[-87.61753749866634,41.85963182015756],[-87.61824216464152,41.86129857825662],[-87.61852673664478,41.862077002734175],[-87.61884481367194,41.862643862524884],[-87.61895025746195,41.862914774369735],[-87.61961074265669,41.86481571471627],[-87.6203963520589,41.86717860440312],[-87.6203920000598,41.8674350002322],[-87.62040864729127,41.867587021901365],[-87.62415099966084,41.86753699999399],[-87.6255269995215,41.86749399996134],[-87.62655300023971,41.8674970001123],[-87.63043649660871,41.867432003841664],[-87.63049175184337,41.86964771496236],[-87.63056510942715,41.87057607608741],[-87.63071292362403,41.875693175405154],[-87.6296984317092,41.875704389285126],[-87.62969355448143,41.87554641977294],[-87.62870155867536,41.8755554010872],[-87.6287066737644,41.87593583735643],[-87.6287395915808,41.876906980472135],[-87.63074938227564,41.87688417413258],[-87.63078527616041,41.87814794909193],[-87.62767706294318,41.878175926012155],[-87.62757454769746,41.8782193992291],[-87.62608247309251,41.87824593460621],[-87.62603804445983,41.876171986295915],[-87.62530399978331,41.8762030003986],[-87.62528603821467,41.876991833104576],[-87.62429116649399,41.8770045498835]]]}},{"type":"Feature","properties":{"ward":5},"geometry":{"type":"Polygon","coordinates":[[[-87.56030308695986,41.76635735283215],[-87.56083411596123,41.766300625104456],[-87.5625756278724,41.76628524982679],[-87.56281541233932,41.76628558873761],[-87.56302811271931,41.76632221719545],[-87.56605561375022,41.766304989003984],[-87.56648436936837,41.76631773215943],[-87.56650898160814,41.765962592329686],[-87.56648691705567,41.76443494398795],[-87.56769875044236,41.76442292934809],[-87.56766476641721,41.76260602375058],[-87.57758321049195,41.762498249350635],[-87.57928594059949,41.76248138854184],[-87.57931704342916,41.763884834675515],[-87.57934174749518,41.764213654190705],[-87.579334062959,41.76448019770819],[-87.57937199068793,41.7661130108404],[-87.58533677522644,41.76606201952504],[-87.58531011028938,41.76557423774335],[-87.58527568035386,41.764242101661296],[-87.5858725233016,41.76423832869479],[-87.5858966185523,41.76514615810293],[-87.58630348080057,41.76514305284429],[-87.58632731678495,41.76605884040268],[-87.59382600027317,41.766004048883715],[-87.59404799978826,41.76507700035873],[-87.59335627201459,41.765083064228335],[-87.59338530176966,41.76505467385713],[-87.59338972116666,41.764909309910216],[-87.59327819959633,41.7605289599154],[-87.59383559148903,41.76052333827155],[-87.59513000054828,41.76055600005555],[-87.59552298051487,41.75869618375266],[-87.59733648995011,41.75868301684554],[-87.59800071840819,41.75865214609218],[-87.59822267109594,41.7586517404973],[-87.59972558923035,41.7597139918152],[-87.60309285150693,41.76215091796767],[-87.60822046730526,41.7658298187251],[-87.60558716490573,41.76586856402272],[-87.60560885550717,41.76617278365622],[-87.60560339555262,41.7665326903702],[-87.60562397499254,41.76684597222806],[-87.60576875430156,41.773140861904984],[-87.5922210845444,41.773274260155894],[-87.59205599998043,41.7741000001114],[-87.5918143106451,41.775105045437854],[-87.59211484423271,41.775096968375124],[-87.5914496758827,41.778019891001314],[-87.59143975026137,41.77815575174349],[-87.59145585202671,41.778754844063954],[-87.59098797893094,41.77875518635803],[-87.59037699952452,41.781483000128084],[-87.5899410005948,41.78320799974422],[-87.59012600023804,41.78323900026006],[-87.59016887762102,41.783293378141764],[-87.59029000355184,41.78335255953369],[-87.59040356009271,41.78329780511018],[-87.59050642057458,41.783287080775125],[-87.59140727882112,41.78327712264174],[-87.59143586227552,41.784206297439184],[-87.59465598750702,41.78418327984596],[-87.59468199957813,41.78455999962263],[-87.59471099130596,41.78606552433461],[-87.59563594404739,41.786055775353084],[-87.59633224548625,41.78601361518613],[-87.59628785042814,41.7841668368789],[-87.6027692776126,41.78409420919265],[-87.60279625194588,41.78526935511549],[-87.60441707202526,41.78525292095678],[-87.60443140498907,41.78589316390951],[-87.60603749188726,41.785874065427755],[-87.60610328564402,41.78867601693271],[-87.60621549732316,41.794965361625096],[-87.60375199088692,41.79498852941876],[-87.60382750329265,41.79545906613882],[-87.60379851021081,41.79539990710156],[-87.60368307851253,41.79531783339429],[-87.60273289341562,41.79532460264178],[-87.60288539735818,41.802298417045456],[-87.59670681790345,41.80236586240177],[-87.59664188399888,41.799457503848004],[-87.58730177485377,41.799564018392445],[-87.58738208749281,41.80029346838967],[-87.58752153513102,41.80113945025607],[-87.58771082227304,41.80197830944181],[-87.58785733329933,41.80247521985002],[-87.58755681824066,41.802478195055386],[-87.58778099948508,41.803279999628415],[-87.58817700016345,41.80438599997838],[-87.58843099953306,41.80501299973352],[-87.58911500029278,41.80636399994795],[-87.58773608767824,41.80678794580954],[-87.58823224491775,41.80695370820632],[-87.58833353040392,41.80702198418849],[-87.58841974158791,41.80710613364959],[-87.58857299858002,41.807288853284106],[-87.58993536871242,41.80925955918771],[-87.5901864513013,41.80964941674326],[-87.59020160644427,41.809696551794005],[-87.59019696786623,41.80975823990362],[-87.59009098932572,41.8100985304181],[-87.59010607541194,41.810151538016164],[-87.59023184056058,41.81038082996924],[-87.58893562053852,41.81089231836464],[-87.58706544209387,41.81142920536881],[-87.58699204122424,41.811328070244805],[-87.58698610904311,41.81122619130416],[-87.58694044494305,41.811197381410246],[-87.58693432734273,41.81117450878105],[-87.58695234529667,41.81108848396243],[-87.58700792006923,41.81106304822593],[-87.58698878827879,41.810906857232226],[-87.58703696464214,41.810637106613704],[-87.58701744896635,41.81044131391706],[-87.58692474950364,41.81010695267345],[-87.58674735838994,41.80979435250024],[-87.58664214381673,41.80971350862761],[-87.58654877164756,41.80959843740067],[-87.5864509597501,41.80943918314809],[-87.58644141718561,41.80937023979852],[-87.58648362895057,41.80931093537187],[-87.58638838736613,41.80925886107369],[-87.58633957067471,41.80925212143058],[-87.58627262337976,41.809195758989766],[-87.58629097909727,41.80909653550547],[-87.5862236472079,41.8090850962177],[-87.58610541495216,41.808840823806385],[-87.58610476566234,41.80879573093361],[-87.58614817884458,41.80871815822586],[-87.58596809843573,41.80846094686306],[-87.58590263355369,41.808341858323686],[-87.58570490890195,41.808072090683055],[-87.58568346710703,41.807999923084296],[-87.5856984051231,41.80797713249865],[-87.5856668913775,41.80790192638403],[-87.58562533417296,41.807848142652475],[-87.5855862174987,41.807846515894425],[-87.58545808762435,41.80761700081547],[-87.58515769754517,41.80721528721905],[-87.5848949788188,41.80694005374022],[-87.58472469760905,41.806812267503524],[-87.58452390423982,41.80662434846938],[-87.58425646153952,41.8064401099788],[-87.583903022995,41.80623884513201],[-87.5836493114591,41.80603180788669],[-87.58319828728413,41.805760391460964],[-87.58297895704851,41.80559018640418],[-87.58289835007251,41.8055827991651],[-87.58286889629771,41.80554190908459],[-87.58225337937154,41.805116639928634],[-87.58174245476154,41.80474007656147],[-87.58150553650717,41.80454549363833],[-87.581366919226,41.80437718585119],[-87.5812692898673,41.804310684235304],[-87.58116967004895,41.804254707211086],[-87.58103204948087,41.80421126982283],[-87.58089471246849,41.804193904691274],[-87.58066592731478,41.80420565992683],[-87.58017715978494,41.80397421557054],[-87.58011477365251,41.803927153928775],[-87.58004552851327,41.80383613895392],[-87.58001469131086,41.80365069760036],[-87.58002996037447,41.80354651546746],[-87.58005982339459,41.803501897222745],[-87.58011031151831,41.803472041316354],[-87.58019069700919,41.80335547051539],[-87.58044752300306,41.802931284369265],[-87.58028926669576,41.80286534341039],[-87.58033537440721,41.8027387618635],[-87.58044958065341,41.80213180573637],[-87.5805006888338,41.80157786187769],[-87.58049731445837,41.80110369668054],[-87.58041651495512,41.8003819360139],[-87.58034182779473,41.79990062537835],[-87.58028256554024,41.79962643544899],[-87.5801100288454,41.79911777147517],[-87.57978774684028,41.798441172758004],[-87.57993726132979,41.79836914660604],[-87.57960801425156,41.79802547339417],[-87.57933433025109,41.79778327886634],[-87.57901297230322,41.79754131895382],[-87.57846854988229,41.79718208386592],[-87.57836321538885,41.797095221647986],[-87.5782075507607,41.79701202516221],[-87.57798804122268,41.79693962526353],[-87.5778307440509,41.79690565868735],[-87.57755324731376,41.79686431596947],[-87.57731642632174,41.796856720777676],[-87.57683831648119,41.796972125283865],[-87.57658989603232,41.79701549586392],[-87.57650738524188,41.79704623682077],[-87.5761378961845,41.79703117809122],[-87.57588328243672,41.79697735743553],[-87.57576198218418,41.796938686945154],[-87.57562124880961,41.79686860361555],[-87.57548046078159,41.796740889118766],[-87.57531214311174,41.79664647238284],[-87.57527225213745,41.79660833853974],[-87.57522937332797,41.796512555229306],[-87.5752133568308,41.79637797924375],[-87.57516436974382,41.7962404422803],[-87.57516506186286,41.79618171958043],[-87.57520040806712,41.796045286606606],[-87.57532641282101,41.79580901218047],[-87.57540369869308,41.79553674241902],[-87.57540669567764,41.795469251080924],[-87.57544371436329,41.79543985842309],[-87.57578084838937,41.795336701341945],[-87.5760974409074,41.79510936722717],[-87.57616592914488,41.79508566941812],[-87.57632740983303,41.79507520734725],[-87.57645845429595,41.79509582906157],[-87.57665120176145,41.79504605517322],[-87.57685295331834,41.795103916153195],[-87.5769145444261,41.79510542015807],[-87.57738839931983,41.79503883409064],[-87.57760384266894,41.7949925014401],[-87.57782985032186,41.794920990182035],[-87.57830371029127,41.79472871296948],[-87.57857411334484,41.79456144242562],[-87.57898953702146,41.79422333096324],[-87.57901162601732,41.79419968329511],[-87.57908204399303,41.793946160716104],[-87.57927029291166,41.79363654082943],[-87.57929645883341,41.79355193448005],[-87.57929958684116,41.793285058073714],[-87.57927654909942,41.7931027898158],[-87.5792783891169,41.79294580469055],[-87.57932472349293,41.792572454327164],[-87.5794060922399,41.79243169060784],[-87.57951990870116,41.79230804207508],[-87.57958966198866,41.7921628586954],[-87.57962814400726,41.792035546487604],[-87.57927456102449,41.791431524740275],[-87.57867844100512,41.79066963995122],[-87.57858214963156,41.79050050897487],[-87.57842327661572,41.790102092413335],[-87.57827194204367,41.789936441244365],[-87.5779462889981,41.78967508416662],[-87.5778166436582,41.78955034570113],[-87.57746255190696,41.78928950518143],[-87.57664974797714,41.78874682340731],[-87.57638976918624,41.78859088195243],[-87.576320343388,41.788570117008746],[-87.57631743227584,41.7885058819245],[-87.57667938113339,41.78847204168122],[-87.57668143601185,41.78842210901369],[-87.57715037182703,41.78839555889544],[-87.57718896689549,41.78835629462934],[-87.57721982371672,41.78835155839027],[-87.57731502626082,41.788363162069665],[-87.57733384656196,41.788384143511706],[-87.57766705383901,41.78836218564444],[-87.57766982763539,41.78831335611713],[-87.57775900719868,41.788297558069715],[-87.57774763924026,41.78820406893253],[-87.5776615963443,41.78820243155267],[-87.57764103099714,41.78818406231421],[-87.57763871080022,41.78815288491916],[-87.57731954014712,41.78816615303539],[-87.57730002228277,41.78820444356725],[-87.57726107285212,41.78821132342916],[-87.57719581008469,41.78821089388351],[-87.57714994036114,41.788182599068804],[-87.57715233024096,41.78810412829185],[-87.57727359031954,41.788082423882706],[-87.57733018474362,41.787572359847495],[-87.57733832489625,41.78719150714813],[-87.57732155666592,41.78693343469179],[-87.57731050183847,41.786813161131015],[-87.57724176904102,41.786483944642676],[-87.57699663914602,41.785689232836404],[-87.57681817929426,41.78521219825967],[-87.57638250074558,41.78422138620936],[-87.57609954566273,41.78365145477806],[-87.57604590395306,41.783598410664304],[-87.57532555073757,41.78324513548985],[-87.57488055409142,41.782985883821546],[-87.57420719961432,41.78262797165557],[-87.57337722609526,41.78224487027766],[-87.5724786602226,41.781895887635294],[-87.57135045953947,41.781557447919816],[-87.57060592875344,41.78139224052425],[-87.56998750721073,41.78129043734853],[-87.56986224838388,41.78127917617527],[-87.5696834598017,41.78129688358924],[-87.56839684204175,41.78160840608809],[-87.5676438677347,41.78462200937959],[-87.56753232081289,41.784596644776606],[-87.56830556125696,41.781538857235184],[-87.57128197103894,41.78083908798614],[-87.57307959743778,41.7802505491293],[-87.57292761054565,41.77989498179703],[-87.57295411706582,41.77982380594014],[-87.57302488072537,41.77979244045017],[-87.57411031012629,41.77952793416061],[-87.57443845821615,41.779371482340565],[-87.57456272298212,41.779280096021],[-87.57473483296071,41.77911108630096],[-87.57494367377865,41.77881169172406],[-87.57493077160514,41.77872433875997],[-87.57500021687406,41.77868033856466],[-87.57505362457759,41.77856598048526],[-87.57516581639716,41.77825442115811],[-87.57527963151618,41.77786713005378],[-87.57530263840235,41.77740788743079],[-87.57524488626392,41.77714405526119],[-87.57519079285244,41.777005385750876],[-87.57507098962418,41.77678066145715],[-87.57492261206558,41.776554101649864],[-87.57469483238073,41.77628365713042],[-87.57460763820434,41.77615410002263],[-87.57460555866862,41.77608163650547],[-87.5746406771763,41.77602588524633],[-87.57469687714196,41.77598564045274],[-87.57507886734074,41.775931357083444],[-87.57504326563344,41.77578545452214],[-87.57480934745057,41.77577452500423],[-87.57458541059042,41.77567589880167],[-87.57423469386487,41.77557149338025],[-87.57421593648722,41.775545574259674],[-87.57386073296031,41.77551084355578],[-87.57347583526492,41.775507200901906],[-87.57339545297299,41.775484164834154],[-87.57337528577683,41.775453296901716],[-87.57336702021236,41.77537708837331],[-87.5733121275824,41.77538125222752],[-87.5733155569365,41.77548199045782],[-87.57329646326627,41.77554662939747],[-87.57321607465641,41.77558616425222],[-87.57284187578928,41.77560783802261],[-87.57269044265826,41.77564086351345],[-87.57216668828417,41.77578448918745],[-87.57208748014834,41.775786160329865],[-87.5719983446787,41.77582124533766],[-87.57193608288584,41.775877913429895],[-87.57184138685372,41.77607322828299],[-87.571756790534,41.776406372438345],[-87.57174566695589,41.77660279039129],[-87.57177280835424,41.77666389284005],[-87.57182376708948,41.77669496695477],[-87.57193008206814,41.776881185274895],[-87.57215897671354,41.77718073128931],[-87.57231478877371,41.77733599344668],[-87.57237207995313,41.77732759088334],[-87.57245030391648,41.7774093390211],[-87.57262136888676,41.77732869263399],[-87.5726462265077,41.77733489500953],[-87.5728679627892,41.77762012247214],[-87.57279112174062,41.77766955918782],[-87.57315672012191,41.77800458623377],[-87.57327101577336,41.77813652057314],[-87.57336067683136,41.77830561244507],[-87.57332052123056,41.778415118962315],[-87.57338038066393,41.778624079441784],[-87.57336461710213,41.77890334354599],[-87.5732987550475,41.77907854273691],[-87.57321383518868,41.77919104473935],[-87.57312548759707,41.779221196461435],[-87.57292348536949,41.77925114420304],[-87.57274669767102,41.77931913104561],[-87.57266520871815,41.77932737267167],[-87.5724770007658,41.779306916370956],[-87.57222887766497,41.77922213855324],[-87.57215086761917,41.779154791977035],[-87.572125854335,41.77911358807556],[-87.57209514536241,41.77904422835026],[-87.57209825799539,41.77896685988677],[-87.57207772907688,41.77890470292119],[-87.57193956449761,41.7787451673105],[-87.57182346675926,41.778579740025705],[-87.57167141595419,41.778540313903505],[-87.57156598328659,41.77846496913176],[-87.57114269706183,41.77804832433026],[-87.5703252533944,41.77741884682171],[-87.57014933307164,41.77722832104778],[-87.56989836583992,41.776997780634986],[-87.56981146298423,41.77696811353651],[-87.56969342718605,41.77696677978479],[-87.56950199328989,41.77684805223777],[-87.56941584402216,41.77681674310103],[-87.56918859668949,41.77668844740442],[-87.56881267150114,41.77640405147656],[-87.56807042130518,41.77562376701419],[-87.56781919452787,41.775311412218464],[-87.56720149123801,41.77447678980267],[-87.56686192765405,41.77407462752886],[-87.56682592264461,41.77397040526998],[-87.56654895875951,41.773826058693615],[-87.56642930877385,41.77378150456957],[-87.56635811086461,41.77372957306014],[-87.56628707008468,41.77361822990354],[-87.56627790880465,41.773544128009576],[-87.56629426378409,41.77346993537563],[-87.56618633645884,41.773352925730116],[-87.5659372730051,41.773134327085636],[-87.5656523843452,41.772922759782055],[-87.56535593519448,41.772758315626845],[-87.56500085393583,41.772530910190355],[-87.56490423852426,41.77251709179998],[-87.56471638094827,41.772407709629725],[-87.56437192415024,41.77227313065482],[-87.56407321074337,41.772114705810814],[-87.56398185238702,41.772090493927365],[-87.56364100171004,41.772083819813545],[-87.56358084248949,41.77202578679145],[-87.5635918903419,41.77183760186068],[-87.56356994520738,41.77177214032693],[-87.56352084752979,41.77170869281786],[-87.56348479695775,41.77135114510634],[-87.5634209180168,41.771175082849325],[-87.56342366591475,41.77110148548026],[-87.56346772380262,41.77106233074075],[-87.56327570003877,41.7704435798136],[-87.56319556205555,41.770278384662234],[-87.56292501933014,41.76997250258096],[-87.56264164787686,41.769574875758266],[-87.56251732875066,41.76942585033527],[-87.5624291688956,41.769257308202114],[-87.56240297372817,41.7691182705214],[-87.56233766194164,41.76900092641123],[-87.56191648856597,41.76878514156434],[-87.56153999920403,41.76863387235559],[-87.56092357973122,41.76843762880984],[-87.5605267036811,41.76839708996003],[-87.56041295112291,41.76840675355082],[-87.56032238014545,41.76843962392335],[-87.56016999561093,41.768552760954115],[-87.55981159905666,41.76897077419445],[-87.55966329904156,41.769109733237315],[-87.5595945028977,41.769160863024545],[-87.5595356303674,41.76917912819104],[-87.55951668267456,41.76910874579751],[-87.55952021963591,41.76893642798722],[-87.55943410930414,41.768720147881105],[-87.55941474250011,41.76862341822578],[-87.5594472153555,41.76805666655933],[-87.55952001995738,41.76797702345937],[-87.55951999748818,41.76791774746304],[-87.55951856430313,41.767854069126756],[-87.55943699978855,41.767747590124564],[-87.55942567772456,41.76765256139713],[-87.55942907290452,41.76718715323791],[-87.55939214202937,41.76678294431698],[-87.5594445988086,41.766749267814504],[-87.5595062084137,41.76674693941823],[-87.55953887929815,41.76671258128532],[-87.55952706231739,41.76659779089827],[-87.55956263848319,41.76656564829468],[-87.560076947439,41.76647196257789],[-87.56018070324701,41.76643972943016],[-87.56030308695986,41.76635735283215]]]}},{"type":"Feature","properties":{"ward":6},"geometry":{"type":"Polygon","coordinates":[[[-87.61794321281114,41.77292489923999],[-87.60576875430156,41.773140861904984],[-87.60562397499254,41.76684597222806],[-87.60560339555262,41.7665326903702],[-87.60560885550717,41.76617278365622],[-87.60558716490573,41.76586856402272],[-87.60822046730526,41.7658298187251],[-87.60309285150693,41.76215091796767],[-87.59972558923035,41.7597139918152],[-87.59822267109594,41.7586517404973],[-87.60539129321867,41.758580064327795],[-87.6052081567157,41.75136327217426],[-87.60522053421576,41.751137028077515],[-87.60523675399156,41.7511157248101],[-87.60482283390398,41.73664940813457],[-87.61452795881323,41.736503027824725],[-87.61438683775194,41.731023642321965],[-87.60953525172815,41.73110010743062],[-87.60952463999071,41.73070253121154],[-87.6094906267065,41.72927603725827],[-87.61433916524344,41.72919788094025],[-87.61414331266018,41.72189247247733],[-87.62219795955613,41.72175429770733],[-87.62372994273848,41.72170300106971],[-87.6237880237636,41.723135020568975],[-87.62377602671147,41.72348363875937],[-87.62394718901868,41.72929616734225],[-87.62404367736328,41.730019707195524],[-87.62405702176078,41.73070146733033],[-87.62400690780575,41.731666799427224],[-87.62405873396455,41.733666158579],[-87.62410815278055,41.7340896089702],[-87.62418128936051,41.737209628676666],[-87.62419407320381,41.7384987913647],[-87.62428429687039,41.74182975900945],[-87.6251432894512,41.741742041200595],[-87.62534899967932,41.741801999899444],[-87.62558200335575,41.74181715058592],[-87.62641226953399,41.74181229930193],[-87.62902506056545,41.741753944311235],[-87.62907649577204,41.74177983886363],[-87.62909244340997,41.74186292475612],[-87.62911226807981,41.74358212203999],[-87.63416703426638,41.74350073555875],[-87.6343664862591,41.74355264122091],[-87.63463955246053,41.743652131736],[-87.63594552848008,41.744162166927076],[-87.63608122295811,41.74397835150569],[-87.63649109020227,41.74350167545055],[-87.64045178098935,41.743407957972785],[-87.64081167825807,41.74343608874459],[-87.64129644849156,41.74343077662588],[-87.6420164612526,41.74338478077459],[-87.64383083197245,41.74335811811617],[-87.64398874342399,41.748819475055065],[-87.64276726265909,41.74883925353669],[-87.64282185103997,41.75066047680057],[-87.63187786770347,41.75082334684663],[-87.6317836521322,41.74718601387217],[-87.6257192694258,41.747282321927074],[-87.62582444365255,41.75092641822915],[-87.62652308043161,41.750935822341006],[-87.62703497598648,41.75091100776826],[-87.6271129277402,41.75455220530427],[-87.62855571330329,41.75452396800558],[-87.62856815855055,41.75499104474663],[-87.62872805320139,41.75500503653611],[-87.62873743040649,41.75501892266796],[-87.6287508734253,41.75586740320825],[-87.62885887341986,41.75587470921917],[-87.62892444647434,41.755921108835295],[-87.62895570987774,41.756339940688584],[-87.63696516952119,41.7562153531978],[-87.63786286139973,41.75618302860425],[-87.63940499595586,41.75615560127891],[-87.63923600055864,41.757996999892185],[-87.63927299063872,41.759823608601366],[-87.64427504022228,41.75974456015076],[-87.6445519500936,41.77065409791571],[-87.64320823206356,41.77067850908571],[-87.64325691121762,41.772493889745746],[-87.64261301668111,41.772505166135765],[-87.64269143761662,41.775330443169736],[-87.6427067729869,41.7760606545164],[-87.6426950785767,41.776094696032004],[-87.64263352265644,41.776135846819926],[-87.6424700235818,41.77614164161484],[-87.63959399672721,41.776175852349404],[-87.63964200058828,41.778008015739054],[-87.63154327975839,41.77813248030728],[-87.63114925155142,41.778108723385465],[-87.63029885948009,41.776972626438486],[-87.63023034975821,41.77686070613999],[-87.63015412603299,41.77668750894669],[-87.63007011969226,41.77659641077609],[-87.63005354000366,41.77703118321279],[-87.6298880496924,41.7768645773813],[-87.62959742110404,41.77663852680186],[-87.62883583801461,41.775976440466046],[-87.62861911373555,41.77580506093131],[-87.62810827603016,41.77548428498913],[-87.62760115206434,41.775258916955394],[-87.62731172405407,41.77515651750059],[-87.62671101118421,41.775012011202605],[-87.62624910167153,41.7749400002169],[-87.62602783000912,41.774920713841716],[-87.62551914980556,41.774908619706856],[-87.62453273668592,41.774941310169865],[-87.62243951761486,41.774968778360055],[-87.62188387365192,41.774936362587646],[-87.62117429463491,41.77482264759492],[-87.62071465088839,41.7747012582616],[-87.62049730625029,41.77462615268799],[-87.62000360060091,41.7744031339004],[-87.6197378425193,41.774251334625646],[-87.61940930267706,41.77404909468967],[-87.619150934975,41.773865730258606],[-87.61794321281114,41.77292489923999]]]}},{"type":"Feature","properties":{"ward":7},"geometry":{"type":"Polygon","coordinates":[[[-87.54430661753494,41.76063797509306],[-87.5432802612169,41.75970071627818],[-87.54316422051677,41.75969464936654],[-87.54304101076704,41.75960085355983],[-87.5425609572955,41.75912805565952],[-87.54252902420852,41.75905714343],[-87.54252661824776,41.75895761850534],[-87.54262731165663,41.75873857579498],[-87.54164910901207,41.75782402727794],[-87.54137602036093,41.75783622315704],[-87.54114846085248,41.75779401131257],[-87.54062495320137,41.75732518859551],[-87.54059675959,41.75726928445904],[-87.54062365835823,41.75722775650063],[-87.54092878623099,41.75703032327976],[-87.54099638482928,41.75703504367487],[-87.5410532626006,41.75700250444231],[-87.54104359893903,41.75699563110069],[-87.54105582760843,41.75698479319379],[-87.5413790892954,41.75680546034678],[-87.5418002141949,41.7565361006341],[-87.54249525011615,41.7561479312814],[-87.54356718382833,41.755502848917835],[-87.54376165316721,41.75538264084935],[-87.54396130290505,41.755234667695774],[-87.54397819531252,41.75515108200109],[-87.5439334775423,41.75504679425242],[-87.54394067471198,41.75502475162493],[-87.54399515764958,41.75496620563856],[-87.54404130611553,41.754961186259955],[-87.54417809543955,41.75479695977111],[-87.54415437292249,41.75470796392811],[-87.54416944235712,41.75467156873304],[-87.54415139258047,41.75461625732231],[-87.54420735014692,41.7545837371979],[-87.54421235670264,41.754516124101535],[-87.5442626396254,41.754402553478286],[-87.5443132156084,41.75432158770092],[-87.54434161983163,41.75432148114219],[-87.54441321293073,41.754131572287456],[-87.54414661309619,41.75344471122973],[-87.54378993456572,41.75268335161828],[-87.54371608611487,41.752534186886685],[-87.54351442643056,41.752245939483025],[-87.54322607794288,41.7520131888155],[-87.54302699770358,41.75191546776722],[-87.54293804408128,41.751928137941526],[-87.54233095800214,41.75191767547382],[-87.54113896581153,41.75193188356587],[-87.54103878955767,41.75190951308145],[-87.54094110530568,41.75191710020568],[-87.54082816233279,41.75190169309307],[-87.5406497068559,41.75185542790483],[-87.54054838724757,41.7518695208117],[-87.54043640361992,41.75184690896552],[-87.54021528761798,41.75176914047538],[-87.54014706150676,41.751723553440655],[-87.53991769292877,41.75163352124892],[-87.53893008730456,41.75131489032021],[-87.53850128351579,41.751118424193855],[-87.53765789006962,41.750824243223924],[-87.53758935014717,41.75076564411901],[-87.53735247816107,41.75071128555144],[-87.53731790157941,41.75067421774856],[-87.53715396305337,41.7506161647789],[-87.5371190278405,41.750572424576845],[-87.53705698376456,41.75056381754255],[-87.53689001109579,41.75049632992237],[-87.53683844556416,41.750446273585226],[-87.53672716450967,41.75044503569916],[-87.53657195813639,41.75036560941341],[-87.53626348247462,41.75025164080515],[-87.53621159586231,41.75020086707382],[-87.53601372448205,41.75016368144764],[-87.53590435846418,41.75009362906679],[-87.53577103994814,41.75004613265505],[-87.53567720691552,41.7499736632769],[-87.53562240310806,41.749957256410084],[-87.53548652645352,41.74987656280296],[-87.53525785364253,41.7497936344626],[-87.53520380796147,41.749801847558004],[-87.5351346515541,41.74974601490501],[-87.53507191400888,41.74973718139381],[-87.53476726860403,41.74959255296632],[-87.53467830133913,41.74957395981808],[-87.53456220560851,41.749515001311515],[-87.5344351415698,41.74948629049082],[-87.53438081352505,41.74944631225729],[-87.53421381680116,41.74941098407864],[-87.53389916604881,41.74931109909441],[-87.53339476641652,41.749086946569754],[-87.53319402054228,41.74902188168835],[-87.53273625494528,41.74882000536343],[-87.53208240217057,41.748591512062895],[-87.5318384347913,41.748466316370866],[-87.53137823957957,41.748283629529965],[-87.5311045680824,41.74813078201633],[-87.53094829825226,41.748025955991636],[-87.5309117714452,41.74795764279882],[-87.53081030451594,41.747512906105804],[-87.53076476669584,41.747285360030105],[-87.53075739398577,41.7471124189708],[-87.5307056382823,41.74691336899153],[-87.53069923028059,41.74672177382324],[-87.53057362083094,41.74603866206227],[-87.53040397016387,41.74474923504472],[-87.54058005792935,41.74477761677418],[-87.54183699975368,41.74475899972756],[-87.54245503736918,41.74477390592378],[-87.55032449560912,41.74467415037965],[-87.5502949206223,41.74331522248192],[-87.55040650928227,41.743422655729255],[-87.55052094999502,41.7434705008871],[-87.55173417938153,41.74346698636648],[-87.55170535964756,41.74327079280909],[-87.55154222625941,41.74253983598156],[-87.55152379959765,41.74208831067708],[-87.5516265660143,41.74218688171371],[-87.55193216001558,41.742407918928045],[-87.55268230092514,41.74286974179166],[-87.55291701617904,41.74282491912746],[-87.55313275755877,41.74281710248608],[-87.5551664184305,41.742789551087654],[-87.55513131385636,41.74097203745259],[-87.55574508253866,41.74096349234678],[-87.5556795618348,41.737797958776184],[-87.5550875004348,41.737807803081935],[-87.55508025112412,41.73733643136439],[-87.55558507834633,41.73732937749688],[-87.55540457584824,41.73001362483235],[-87.5552537447457,41.73002605137128],[-87.5526387065422,41.73005749323198],[-87.55258180211911,41.7277467588701],[-87.55345399997555,41.72687600014081],[-87.55393249155395,41.72643201335618],[-87.55384619098979,41.722732779529316],[-87.55969481175303,41.72265880583073],[-87.55959100047052,41.72255999968398],[-87.55912400001453,41.72194900005022],[-87.55892099950131,41.72135899983892],[-87.55891700038642,41.719953999921785],[-87.5588649999346,41.719074999951495],[-87.55881600054741,41.71539599968646],[-87.55875699980204,41.7133488306963],[-87.55941399951243,41.71336099965764],[-87.55974874039448,41.71341897178635],[-87.55968865903012,41.708996846584064],[-87.55965408035478,41.707793971527025],[-87.55964471698454,41.706398720999985],[-87.56267734281832,41.70639571726691],[-87.56265408190713,41.704584501508535],[-87.56551145783769,41.70456842196472],[-87.56559883158597,41.70457795266827],[-87.56565324013344,41.70462066216774],[-87.56572435152223,41.70455893000783],[-87.56574637730246,41.70450040027718],[-87.56571499967255,41.70178299962719],[-87.56566899971433,41.70167100008448],[-87.56540199974935,41.701251000417116],[-87.56746199975507,41.70110899978195],[-87.57178900003957,41.70585200034889],[-87.57366300823087,41.70796629752663],[-87.57906452310078,41.70788170064686],[-87.58213309090301,41.707857026733656],[-87.58417486971905,41.707801327460594],[-87.58604664158173,41.707770190119334],[-87.58577857477046,41.708173975922264],[-87.58554461154704,41.70858937082431],[-87.58532235837328,41.70905904256329],[-87.5851495190234,41.70953394706069],[-87.58503660274037,41.70993240067135],[-87.58498010588085,41.71021225536606],[-87.584899147028,41.710722363255194],[-87.5848712932266,41.71113440609388],[-87.58487802374083,41.712047540225825],[-87.58493730098738,41.71290475713104],[-87.5849419248329,41.71399966097156],[-87.58503664540159,41.71578317864599],[-87.58505701114059,41.717412447288105],[-87.58504479183814,41.71757853629206],[-87.58518078507556,41.72127714023773],[-87.58514287028024,41.721729128154664],[-87.58510100050827,41.721865000443145],[-87.58510999981642,41.72210799971258],[-87.58513170716179,41.72215477630187],[-87.58512687498131,41.722339049305425],[-87.57535545910005,41.722469044928644],[-87.57553485841223,41.72976115045098],[-87.57249685114442,41.72980190926526],[-87.57258990819952,41.73345144604595],[-87.56591404414576,41.7335415937329],[-87.56595557342915,41.73500329821468],[-87.56590799954263,41.73541999993314],[-87.56588599945924,41.735490000140466],[-87.5659970116339,41.737193475752484],[-87.56570062468373,41.73719771931736],[-87.56602788987936,41.73743286196071],[-87.56609737043297,41.742644938907205],[-87.57217633078879,41.74256483204451],[-87.57219668011254,41.742491327276774],[-87.57260865072568,41.74216944957909],[-87.57562837261298,41.74433962997013],[-87.56855655461212,41.74443008586277],[-87.56863943857148,41.749882175905796],[-87.57107687410611,41.74985191497014],[-87.57114158514021,41.75348406887245],[-87.57236106779641,41.75346912564736],[-87.57247688652977,41.75840172671751],[-87.57248215789059,41.75881189624382],[-87.57246138181027,41.758919568401815],[-87.578536182491,41.75885034667545],[-87.57855940068839,41.760406460739254],[-87.5785890199721,41.76066882868172],[-87.58841559053879,41.76056848150965],[-87.58850876385226,41.76421570968428],[-87.58527568035386,41.764242101661296],[-87.58531011028938,41.76557423774335],[-87.58533677522644,41.76606201952504],[-87.57937199068793,41.7661130108404],[-87.579334062959,41.76448019770819],[-87.57934174749518,41.764213654190705],[-87.57931704342916,41.763884834675515],[-87.57928594059949,41.76248138854184],[-87.56766476641721,41.76260602375058],[-87.56769875044236,41.76442292934809],[-87.56648691705567,41.76443494398795],[-87.56650898160814,41.765962592329686],[-87.56648436936837,41.76631773215943],[-87.56605561375022,41.766304989003984],[-87.56302811271931,41.76632221719545],[-87.56281541233932,41.76628558873761],[-87.5625756278724,41.76628524982679],[-87.56083411596123,41.766300625104456],[-87.56030308695986,41.76635735283215],[-87.5604432322149,41.76625049335307],[-87.56051602693846,41.7661713978421],[-87.56055217659178,41.76609150658264],[-87.56062305371549,41.76580547998309],[-87.5606118156727,41.76564239395657],[-87.56058562050627,41.76556482852573],[-87.5605136778652,41.76538980779812],[-87.56043423388445,41.7652899298339],[-87.56035832162041,41.76532344899203],[-87.56014486072797,41.76508984397319],[-87.56022020400796,41.765042600591826],[-87.56012183527653,41.76494075652786],[-87.56000135020204,41.76490108709599],[-87.55996886007722,41.764911379157915],[-87.55991881401195,41.76495816152619],[-87.55984006498763,41.76495663557552],[-87.55960203319866,41.76473006246205],[-87.55958785577329,41.76468973634682],[-87.55959953721623,41.76463262436532],[-87.55951661723806,41.76451727222799],[-87.55974234997528,41.76439118305087],[-87.55960877185208,41.764221042592666],[-87.55943939394425,41.76408040951848],[-87.55934333110274,41.764043180902654],[-87.55928041474485,41.76404138488248],[-87.55897906965676,41.76375257617704],[-87.55845597501524,41.76401752307778],[-87.55757247458185,41.763115082823994],[-87.55770097826336,41.76304871449643],[-87.55764967613563,41.762995788198715],[-87.55764110622272,41.76284616666067],[-87.55760242850228,41.762810227974676],[-87.55716624289589,41.762606949921235],[-87.55686964636557,41.76243021713669],[-87.55664934579316,41.762209184124906],[-87.55631791814417,41.76203358658042],[-87.55607856908826,41.76182112198407],[-87.55573390995303,41.76162759536162],[-87.55559338132888,41.76157908548871],[-87.55545398821342,41.76158821408317],[-87.55526973788534,41.76162126913934],[-87.5548755409194,41.76178737256884],[-87.5548024274139,41.761771318081664],[-87.55476748446866,41.76172991697117],[-87.55466960511556,41.76148866114626],[-87.55438252531798,41.76108055865559],[-87.55434745553355,41.761052878895434],[-87.55427903353085,41.761051975580365],[-87.55425114595644,41.76103348221593],[-87.55410598112361,41.760813859536384],[-87.55406972425503,41.76078114944756],[-87.55286766863384,41.760263456295554],[-87.55225173854325,41.759975236676034],[-87.55179680012945,41.759812974136395],[-87.55050359955176,41.75930975677948],[-87.54954549494386,41.758956374532005],[-87.54870886597912,41.75872620671661],[-87.54840100261953,41.75869243554519],[-87.54797422931597,41.7586746451421],[-87.54764302505586,41.75871532859324],[-87.54724584414723,41.75872054209857],[-87.54708826561328,41.75874262642188],[-87.54693676059327,41.75877161192213],[-87.54685073615306,41.758820008810574],[-87.54659034493413,41.758878462609594],[-87.5463639292652,41.75896703410088],[-87.54550977431803,41.759361573514504],[-87.54528236064837,41.759537350905596],[-87.5449354717916,41.75975116474903],[-87.54456047585418,41.760036166670076],[-87.54431917309867,41.76016659302913],[-87.54417337735198,41.76019885176168],[-87.54401074554441,41.76010676159211],[-87.54393552786722,41.76009823072697],[-87.5438530064005,41.76011166065007],[-87.544343727147,41.760582795871706],[-87.54441710650518,41.76061560007309],[-87.54644351856324,41.76061552885692],[-87.5464930730862,41.76063046753639],[-87.54649244010588,41.76064635270025],[-87.54441033035978,41.76067499420309],[-87.54430661753494,41.76063797509306]]]}},{"type":"Feature","properties":{"ward":8},"geometry":{"type":"Polygon","coordinates":[[[-87.5858725233016,41.76423832869479],[-87.58850876385226,41.76421570968428],[-87.58841559053879,41.76056848150965],[-87.5785890199721,41.76066882868172],[-87.57855940068839,41.760406460739254],[-87.578536182491,41.75885034667545],[-87.57246138181027,41.758919568401815],[-87.57248215789059,41.75881189624382],[-87.57247688652977,41.75840172671751],[-87.57236106779641,41.75346912564736],[-87.57114158514021,41.75348406887245],[-87.57107687410611,41.74985191497014],[-87.56863943857148,41.749882175905796],[-87.56855655461212,41.74443008586277],[-87.57562837261298,41.74433962997013],[-87.57260865072568,41.74216944957909],[-87.57219668011254,41.742491327276774],[-87.57217633078879,41.74256483204451],[-87.56609737043297,41.742644938907205],[-87.56602788987936,41.73743286196071],[-87.56570062468373,41.73719771931736],[-87.5659970116339,41.737193475752484],[-87.56588599945924,41.735490000140466],[-87.56590799954263,41.73541999993314],[-87.56595557342915,41.73500329821468],[-87.56591404414576,41.7335415937329],[-87.57258990819952,41.73345144604595],[-87.57249685114442,41.72980190926526],[-87.57553485841223,41.72976115045098],[-87.57535545910005,41.722469044928644],[-87.58512687498131,41.722339049305425],[-87.58513170716179,41.72215477630187],[-87.58510999981642,41.72210799971258],[-87.58510100050827,41.721865000443145],[-87.58514287028024,41.721729128154664],[-87.58518078507556,41.72127714023773],[-87.58504479183814,41.71757853629206],[-87.58505701114059,41.717412447288105],[-87.58503664540159,41.71578317864599],[-87.5849419248329,41.71399966097156],[-87.58493730098738,41.71290475713104],[-87.58487802374083,41.712047540225825],[-87.5848712932266,41.71113440609388],[-87.584899147028,41.710722363255194],[-87.58498010588085,41.71021225536606],[-87.58503660274037,41.70993240067135],[-87.5851495190234,41.70953394706069],[-87.58532235837328,41.70905904256329],[-87.58554461154704,41.70858937082431],[-87.58577857477046,41.708173975922264],[-87.58604664158173,41.707770190119334],[-87.58746268642845,41.70774278644496],[-87.58902392737477,41.707734744453475],[-87.59150706800729,41.70766360696842],[-87.59253491078283,41.70766297162457],[-87.59428555174344,41.70762701422654],[-87.59625414022251,41.70761059319785],[-87.60518984373098,41.707466452164525],[-87.6065175044771,41.707433446501504],[-87.60512413978853,41.7135870323037],[-87.61395261369407,41.713444388569144],[-87.6139784035333,41.71454141697953],[-87.61396544760318,41.71526480214206],[-87.61433916524344,41.72919788094025],[-87.6094906267065,41.72927603725827],[-87.60952463999071,41.73070253121154],[-87.60953525172815,41.73110010743062],[-87.61438683775194,41.731023642321965],[-87.61452795881323,41.736503027824725],[-87.60482283390398,41.73664940813457],[-87.60523675399156,41.7511157248101],[-87.60522053421576,41.751137028077515],[-87.6052081567157,41.75136327217426],[-87.60539129321867,41.758580064327795],[-87.59800071840819,41.75865214609218],[-87.59733648995011,41.75868301684554],[-87.59552298051487,41.75869618375266],[-87.59513000054828,41.76055600005555],[-87.59383559148903,41.76052333827155],[-87.59327819959633,41.7605289599154],[-87.59338972116666,41.764909309910216],[-87.59338530176966,41.76505467385713],[-87.59335627201459,41.765083064228335],[-87.59404799978826,41.76507700035873],[-87.59382600027317,41.766004048883715],[-87.58632731678495,41.76605884040268],[-87.58630348080057,41.76514305284429],[-87.5858966185523,41.76514615810293],[-87.5858725233016,41.76423832869479]]]}},{"type":"Feature","properties":{"ward":9},"geometry":{"type":"Polygon","coordinates":[[[-87.61414331266018,41.72189247247733],[-87.61396544760318,41.71526480214206],[-87.6139784035333,41.71454141697953],[-87.61395261369407,41.713444388569144],[-87.60512413978853,41.7135870323037],[-87.6065175044771,41.707433446501504],[-87.60454036922566,41.70747726488745],[-87.59220540572366,41.70766529569895],[-87.59206899957942,41.70729300040273],[-87.59187400016242,41.70651399964915],[-87.59181800033204,41.706139999756594],[-87.5917810003735,41.705351000331945],[-87.5917950005148,41.70500799968441],[-87.59184099977703,41.70456999982073],[-87.5919120001136,41.70412400028648],[-87.59209799942718,41.70343199966711],[-87.59225099961019,41.703001999723035],[-87.59248500050533,41.702489000120984],[-87.59269299952523,41.70210199995187],[-87.59457800016101,41.69893099974118],[-87.59484999978086,41.698761999555515],[-87.59520848762902,41.69807407450355],[-87.59679781743,41.6951760254546],[-87.59724716541331,41.69430873272182],[-87.59885609681413,41.691309376320255],[-87.59973682568935,41.68974030494314],[-87.60029586612207,41.688677458607124],[-87.60069388863388,41.687961058040955],[-87.60136774411677,41.68666700907995],[-87.60171982664342,41.68583675742622],[-87.60190019417195,41.68506194514462],[-87.601935802963,41.684741588742426],[-87.60194049582114,41.68417004570589],[-87.6018789081421,41.6826261590242],[-87.60184595605098,41.68068718698267],[-87.60172308202124,41.67672654745607],[-87.60165675711316,41.676196193714524],[-87.60154371546108,41.67566683176912],[-87.60144575075951,41.67533834221031],[-87.60127869195757,41.674885779759805],[-87.60113448387341,41.67456185283929],[-87.6009084315989,41.67412812427264],[-87.60067142616552,41.673743778323264],[-87.60038786795837,41.67333981481586],[-87.60006845222827,41.67294149494324],[-87.5904444717904,41.66176343669518],[-87.58928030442584,41.66039054309345],[-87.59067431648857,41.66040028287667],[-87.59141240729109,41.66036417453437],[-87.59259467067965,41.66025462185651],[-87.59382677858997,41.6600737872154],[-87.59444775446958,41.659953166531224],[-87.59531043746279,41.65982518017916],[-87.5957183316032,41.65974604647722],[-87.59782949261614,41.65943529256675],[-87.59854284688338,41.65933630237597],[-87.59963023662775,41.65925877225764],[-87.6013717862283,41.65917449793047],[-87.60341215355315,41.65915203227139],[-87.60388321128448,41.65913323827754],[-87.60670274983578,41.65915927341658],[-87.60757453856982,41.659139178531674],[-87.60760871843841,41.65896963421999],[-87.60763049880302,41.65865288236552],[-87.60766324943141,41.65856826129461],[-87.60764695832898,41.65761057441549],[-87.60762390182134,41.65740537939041],[-87.6096440972074,41.65740357240508],[-87.60963009121785,41.656873157371706],[-87.60951949021035,41.656309047064404],[-87.609504312301,41.65443993475872],[-87.6095467601633,41.65428847269574],[-87.60959078533352,41.65422269391696],[-87.60968759919587,41.654128788435756],[-87.60984734375369,41.654032368094725],[-87.61099769379597,41.6551945356805],[-87.61107950529238,41.65525438269544],[-87.61113803198498,41.65528255042348],[-87.61131502622358,41.655325596453046],[-87.61155769008687,41.65534462924624],[-87.61138081990735,41.65316947313391],[-87.61136017827903,41.65275697797516],[-87.61135065157838,41.65185378055894],[-87.61723051210492,41.65181846986551],[-87.61722997941983,41.65027560460207],[-87.6180344476746,41.65037364509495],[-87.62020518329471,41.65084672577286],[-87.62031583549289,41.65088752937867],[-87.61982331707868,41.651830422935525],[-87.61944519630188,41.652658021323376],[-87.61906742492836,41.653612080003846],[-87.61874601309488,41.654577683838234],[-87.61848179166694,41.6555529746891],[-87.61770957454208,41.659104963230064],[-87.6184534105203,41.65910743212342],[-87.61866273989064,41.65908497753499],[-87.61968414572057,41.65906247784423],[-87.61945847287424,41.65953715743887],[-87.61938552479057,41.660060563682045],[-87.61951184166585,41.66078668787356],[-87.61985720901583,41.66114143048725],[-87.62025290243596,41.661365690557595],[-87.62202410987679,41.66213025360275],[-87.62203529453605,41.66241420712033],[-87.62328614826895,41.662396857926666],[-87.62345796929962,41.662360376380605],[-87.62348684693467,41.66233009238188],[-87.62361312347888,41.66232192608652],[-87.62362995194135,41.66230238023883],[-87.62391842237116,41.662261185373744],[-87.6239973014832,41.66223664361543],[-87.62406871425092,41.66223884005365],[-87.62420159771673,41.66227544716275],[-87.6242897362017,41.662274234298316],[-87.62433752490553,41.66225482441499],[-87.6244231893642,41.66225892009813],[-87.62446889146095,41.66221628114664],[-87.62465046580188,41.6621512071664],[-87.62469616708418,41.662108512295134],[-87.62475592497749,41.66208560875062],[-87.62534779739578,41.661942597791025],[-87.62535282265317,41.66192896646973],[-87.62555078914842,41.66188660132552],[-87.62566076936197,41.661842546154425],[-87.62570346590165,41.66185356670362],[-87.62586819053543,41.661809847467524],[-87.62590145228832,41.66181362038171],[-87.62621485393146,41.66167415960069],[-87.62627449201659,41.66166201219621],[-87.62644066418937,41.66148586050695],[-87.62663723138965,41.66135462605107],[-87.62683597757844,41.66124486686853],[-87.62687173265773,41.66124151936247],[-87.62688629730832,41.6612147687291],[-87.62754358304645,41.660757317289516],[-87.62777242554526,41.66057227190378],[-87.62804201455548,41.660294991442576],[-87.62868308530906,41.65969873479685],[-87.62914651468836,41.65931703678648],[-87.62973309800098,41.65901123160359],[-87.6300984964782,41.65872547581853],[-87.63076028276656,41.65827379654171],[-87.63080794657503,41.6582115172411],[-87.63084043424955,41.65811138164622],[-87.63080982846508,41.65803835966332],[-87.630818536879,41.65795778432794],[-87.63107539285438,41.657832737872575],[-87.63125516172371,41.657818953807165],[-87.6313895735911,41.657996510236],[-87.63157806185984,41.65791977698988],[-87.63201243060693,41.65789753645927],[-87.63215159866388,41.65786649696836],[-87.63232725742385,41.65787610310089],[-87.63227381919303,41.657802887321864],[-87.63264606437131,41.65773457233176],[-87.63264186423494,41.657622413138114],[-87.63282355362674,41.6575853186154],[-87.63300437267343,41.65752725237147],[-87.63355187180021,41.65748201271431],[-87.63391750263014,41.65747013204627],[-87.63501184071426,41.65736591479111],[-87.63556009346753,41.657345478172296],[-87.6362940873697,41.65739389622234],[-87.63856147259004,41.65771235631227],[-87.63913513979338,41.657751883483556],[-87.64005001221335,41.65776404753104],[-87.64041681566432,41.65778629278039],[-87.64104963399656,41.65777408208587],[-87.64106161158549,41.65809623908657],[-87.64142761331273,41.65809410313158],[-87.64141853054703,41.65777108572686],[-87.643663545056,41.657749946546744],[-87.64384195539884,41.65771974690827],[-87.644025031274,41.657716889653265],[-87.64475182793295,41.65772480440064],[-87.6459105606165,41.657780420996424],[-87.64608685764853,41.65774744558228],[-87.64681739371922,41.65766445874276],[-87.64698846472551,41.65763049002847],[-87.64714836585371,41.661467027518235],[-87.64720420299462,41.663158784577995],[-87.64142094198166,41.663245103472455],[-87.64166503305808,41.67053953627856],[-87.63205612202371,41.67063584841216],[-87.63227311778378,41.67792024061238],[-87.62986678242162,41.67794721415281],[-87.63028003727702,41.69110315544015],[-87.63042807181492,41.69705369702553],[-87.62801565102835,41.697083009021355],[-87.62826923793195,41.7070409154427],[-87.628296168818,41.70710116487459],[-87.63919098973838,41.706964736521655],[-87.63938525265387,41.71424923015531],[-87.63697097549678,41.71427382435788],[-87.63699007839587,41.71518467308163],[-87.63791302940018,41.71517277807232],[-87.6394016239538,41.71518918528304],[-87.63976989417623,41.72881644701323],[-87.6385560605233,41.72883321942432],[-87.63858620829586,41.7299619952647],[-87.63366900020064,41.72999399987932],[-87.6302559999413,41.730058000371415],[-87.62439974817539,41.73011215524769],[-87.62404674870395,41.73013800330324],[-87.62404367736328,41.730019707195524],[-87.62394718901868,41.72929616734225],[-87.62377602671147,41.72348363875937],[-87.6237880237636,41.723135020568975],[-87.62372994273848,41.72170300106971],[-87.62219795955613,41.72175429770733],[-87.61414331266018,41.72189247247733]]]}},{"type":"Feature","properties":{"ward":10},"geometry":{"type":"Polygon","coordinates":[[[-87.53040397016387,41.74474923504472],[-87.53007574857028,41.74237741529945],[-87.53005241485036,41.7423092894459],[-87.5300706160277,41.74225138853432],[-87.53003722724388,41.74219890365055],[-87.53006725248783,41.74215945813757],[-87.53007521497767,41.74211456246263],[-87.53004502641484,41.74205098591682],[-87.53006128743924,41.74202653779798],[-87.53001838570077,41.7420073573199],[-87.5300107024894,41.741964550036705],[-87.53004226846484,41.741923878206926],[-87.53002189798045,41.74170608560533],[-87.5299788050665,41.74160051158632],[-87.52991969736043,41.74151845640306],[-87.52984660414292,41.741456251752396],[-87.52977133339593,41.74142166926008],[-87.52972981383378,41.7414102648404],[-87.52957720967446,41.74141841709864],[-87.52949622762662,41.74139820202544],[-87.52448335736706,41.74145086755772],[-87.52447954868683,41.74146832212222],[-87.52446228679014,41.74146852923258],[-87.52446332441089,41.74138585203845],[-87.52988666717364,41.74132875739321],[-87.53010952699802,41.741237175176316],[-87.53016677182988,41.741239221203045],[-87.53018877674263,41.74126404667167],[-87.5306869580388,41.74111672938934],[-87.53985520084696,41.74101300727195],[-87.53985048566356,41.74074128933788],[-87.53983004427025,41.74049690485351],[-87.52985663796952,41.74060731799935],[-87.52981627240018,41.74034756288327],[-87.52983432108917,41.740345932499565],[-87.52977400712972,41.739846513365826],[-87.52977869277193,41.73982917549549],[-87.5298139099138,41.73981405354416],[-87.52976681677546,41.73978850422324],[-87.52973096248411,41.73959305097274],[-87.52972469723467,41.73938737668877],[-87.52967973835314,41.73916117907048],[-87.52958803019106,41.7384087911213],[-87.52955759431353,41.73832251550746],[-87.5295720195865,41.73825598618091],[-87.52954661194816,41.738171943514864],[-87.52954684117991,41.738091865302394],[-87.52951251629352,41.73796494722748],[-87.52951123942282,41.73790288908524],[-87.529485490485,41.73783456790052],[-87.52948537213057,41.73770602447318],[-87.52943091873287,41.73755086530658],[-87.52945321959908,41.73749901653661],[-87.5294251277919,41.73716025488866],[-87.52933471735759,41.73655387258002],[-87.52929989584028,41.73615548511908],[-87.52927689548137,41.736054992521474],[-87.52924227126945,41.73601097920618],[-87.52928084335642,41.73593536856825],[-87.52927734694653,41.73589544283353],[-87.52924874680458,41.73582671716807],[-87.52923060419484,41.735612890579226],[-87.52912182748635,41.73497235029414],[-87.5291499449368,41.73489771002936],[-87.52912455847428,41.734847476809065],[-87.5291240258132,41.73473745263294],[-87.52906529964879,41.73433480912969],[-87.52908249196179,41.734254851401566],[-87.5290189813224,41.733941994327665],[-87.52900945117047,41.7338454107597],[-87.52902079282977,41.73379968790716],[-87.52896099624282,41.73379122909419],[-87.52895527605058,41.733768191138246],[-87.52896143058837,41.7337387879292],[-87.52900071216274,41.73371480269717],[-87.52899210358085,41.73369995041032],[-87.52949478717872,41.732367239237576],[-87.52946317693576,41.73231397063172],[-87.52937324812262,41.73231861035502],[-87.52926854208168,41.73228335425202],[-87.52922291218798,41.732225844011204],[-87.5291812428709,41.73213007812573],[-87.52911557368776,41.73208153834475],[-87.52522193633659,41.7315204251092],[-87.52494871937222,41.73140829277013],[-87.52473359565822,41.73122109856164],[-87.52468841210056,41.73109350016287],[-87.52453111344329,41.723498537004275],[-87.52453614974577,41.723292639831556],[-87.52455375782603,41.72320310750896],[-87.5244713715462,41.72320030460054],[-87.52446675521136,41.721897795486946],[-87.52450201464956,41.72188445901738],[-87.52450275720318,41.72179305045506],[-87.52469124452645,41.72179415827728],[-87.52483943811733,41.72168992890619],[-87.52500267152955,41.72152279598035],[-87.52469977498195,41.721254109812044],[-87.52481822773105,41.721178679935925],[-87.52509273656497,41.7214153869315],[-87.52523637363016,41.721221496607455],[-87.52540810189814,41.72092000591009],[-87.52508200364994,41.72084698193662],[-87.5251361248184,41.72072991571994],[-87.52545399600358,41.72079741019541],[-87.52548504448245,41.72072240859598],[-87.52555561494052,41.720369738396016],[-87.52560863203341,41.71943550851721],[-87.52559008922658,41.719214022186264],[-87.5255450657386,41.718984811854135],[-87.52545225510234,41.71875469920215],[-87.52529414880944,41.71848703147341],[-87.52510257668472,41.71825354360584],[-87.52490509680062,41.718050283150546],[-87.52450601532223,41.717988003983216],[-87.52450462887701,41.717814417751974],[-87.52447173939828,41.7177908308265],[-87.52446843039351,41.71740333901761],[-87.52534557400182,41.71738176536437],[-87.52581255976361,41.71733076516287],[-87.5258049601107,41.717317621377326],[-87.52642112936597,41.717114425196705],[-87.52651698795236,41.71726658438804],[-87.52660512706822,41.71723619200399],[-87.52651900549535,41.71708462346298],[-87.52679668187592,41.71699090560078],[-87.52676871813271,41.71692182703876],[-87.52680448150612,41.71687388792409],[-87.5268599806455,41.71687608898128],[-87.52691507299319,41.716925056521745],[-87.52698853798402,41.716949715305375],[-87.52730132353562,41.71682498557475],[-87.52729016840115,41.71680602580978],[-87.52764140520277,41.716620229417885],[-87.52790232834617,41.71645388694941],[-87.5281943735722,41.716223819948375],[-87.52856719610051,41.71585155902873],[-87.52856500068225,41.71581331512447],[-87.52864131526486,41.715744061501226],[-87.52866858836464,41.71568645725989],[-87.52870425449164,41.715422923035305],[-87.52861846320548,41.71501857947989],[-87.52856253138053,41.714869034455845],[-87.52848444244023,41.71472517847103],[-87.52813339922119,41.714239418408894],[-87.52797352068414,41.71387314021668],[-87.52771178148934,41.71342219778372],[-87.52757729869721,41.71324863713004],[-87.52742306743346,41.71308454469518],[-87.52643276152999,41.71231346800006],[-87.52840800652933,41.71080310113788],[-87.52720306276868,41.7100311303935],[-87.52689969399962,41.70991363183139],[-87.52664838174383,41.70984926826597],[-87.52624251863509,41.70981990986145],[-87.52589990485512,41.71014457019172],[-87.5260211084579,41.71025470077033],[-87.52599743056727,41.71034984426863],[-87.52586364009795,41.710411502037736],[-87.52578396781344,41.710418571850106],[-87.525714848209,41.71039882099628],[-87.52562797217647,41.71034055106572],[-87.52559448368036,41.71026871691514],[-87.5255378202502,41.71022819747546],[-87.52547075717727,41.710129149652346],[-87.52541908725163,41.71010238500848],[-87.52537033870423,41.71010841053672],[-87.52536899164046,41.71007253235708],[-87.52535030552887,41.71005568841068],[-87.52528095442197,41.71004573343088],[-87.52515894871661,41.70999986802705],[-87.52509349896131,41.709953384685676],[-87.52503954208137,41.70994537727932],[-87.52456802588108,41.70957311291445],[-87.52417260417289,41.709416166145935],[-87.52414466301975,41.709380061966726],[-87.5241371033377,41.709325698760466],[-87.52416417887133,41.70930741934662],[-87.52420444564792,41.70932051866784],[-87.52423301978766,41.70928199789617],[-87.52432583256669,41.70928122427773],[-87.52437658004673,41.70925880412384],[-87.52445249854054,41.70925327279315],[-87.52455082577154,41.709271145638276],[-87.52461276047772,41.70931461174348],[-87.52472711452175,41.70935422037733],[-87.5247598961243,41.709333540087215],[-87.52488172747543,41.70940489760461],[-87.52488423689131,41.70944138901587],[-87.52512267551487,41.709735142631125],[-87.52516717832901,41.7097084248886],[-87.52520983599746,41.70974124424312],[-87.52525750772665,41.709712956907055],[-87.52552960143431,41.709937022246145],[-87.5255871276162,41.70993778317071],[-87.52622020655326,41.70953944904506],[-87.52576720895112,41.709158016171855],[-87.52530687889764,41.70946126601413],[-87.52535588283672,41.709496216984796],[-87.52533874924535,41.709513248452275],[-87.52527551396781,41.709477154779414],[-87.52527469117285,41.709463892930344],[-87.52526094764188,41.70947340227205],[-87.52512998584756,41.70934443145623],[-87.52516046008907,41.70932079693465],[-87.52522541888871,41.709368346421996],[-87.52567873927651,41.709085026718824],[-87.52542156575225,41.708836780177066],[-87.5253742987189,41.70882695260616],[-87.52486224645205,41.709153382437634],[-87.52478382719625,41.70908090148443],[-87.52501919568503,41.70891509948426],[-87.52496138732369,41.708817051022514],[-87.52494236803757,41.70872728775406],[-87.52488859417114,41.70866678041695],[-87.52453540682859,41.70848229183711],[-87.52455205435754,41.70795187825986],[-87.52453040192856,41.70206198049043],[-87.52455094466853,41.69954300479209],[-87.52459621924294,41.69723883494068],[-87.52461324376235,41.695421006283226],[-87.52463638924098,41.69528913942956],[-87.52465930369404,41.6922754843993],[-87.52462014958223,41.69180077131525],[-87.52465089505726,41.68818259353193],[-87.52483544819273,41.67364558973199],[-87.52499066325734,41.65905598094817],[-87.52516587096459,41.644543123032136],[-87.5299376757319,41.644573694710154],[-87.53502975312574,41.64455810054549],[-87.54980302993101,41.644573061096736],[-87.56237421442576,41.64466383213461],[-87.57486904324763,41.6446799946842],[-87.57725077531742,41.6447087812393],[-87.57837706871886,41.64469462938332],[-87.58567207743178,41.64470422457596],[-87.58683810367707,41.64468774879542],[-87.5870042938841,41.644912511957784],[-87.58692969932075,41.6449531387456],[-87.58716171845967,41.64525893796599],[-87.58730443126505,41.64542820307192],[-87.58758752924206,41.645727692656926],[-87.58781967528898,41.64594677076202],[-87.58815591593913,41.64632130416102],[-87.58878562339949,41.64685630122857],[-87.58879243638701,41.64681359372916],[-87.5888902508809,41.646745564645876],[-87.58919538863803,41.646981468891205],[-87.58927440704555,41.647084234278374],[-87.58933046937773,41.64721067315517],[-87.5894649820518,41.64728575090583],[-87.5896948714437,41.647511177135776],[-87.58979858120047,41.647589101174084],[-87.589858893831,41.6476610918646],[-87.58992886880698,41.64767230214679],[-87.58996851560198,41.64771816978084],[-87.59001092833462,41.64773342811791],[-87.59009804101551,41.647807046099885],[-87.5902237273558,41.647937227384176],[-87.59024810084831,41.6479940284753],[-87.59030150249144,41.64804020370685],[-87.59046935782432,41.64827708347815],[-87.59066192215788,41.648401549625476],[-87.59090496537341,41.648482705723424],[-87.59118475964068,41.64861997319732],[-87.59128798367038,41.64863540489956],[-87.59153227519487,41.64873544859958],[-87.59209171006387,41.648908933299595],[-87.59233005323514,41.64893440027491],[-87.59302741953967,41.64893016751152],[-87.59318044240439,41.64890403818821],[-87.59367161221616,41.64892355710224],[-87.59422849887454,41.648859682375054],[-87.59467303587621,41.648778289193906],[-87.59527035599102,41.64862108783005],[-87.59667196409839,41.64830394081413],[-87.5975895937836,41.648061234474156],[-87.59776156019808,41.64795837954499],[-87.59778969066984,41.64796218177421],[-87.59783454719464,41.64801373349895],[-87.5978861538895,41.64802548047534],[-87.59782876263795,41.644605574081474],[-87.61335930181141,41.64460844367558],[-87.61721572162931,41.64458402765553],[-87.61723798687305,41.647485762356226],[-87.61722463677812,41.64858558753639],[-87.61723051210492,41.65181846986551],[-87.61135065157838,41.65185378055894],[-87.61136017827903,41.65275697797516],[-87.61138081990735,41.65316947313391],[-87.61155769008687,41.65534462924624],[-87.61131502622358,41.655325596453046],[-87.61113803198498,41.65528255042348],[-87.61107950529238,41.65525438269544],[-87.61099769379597,41.6551945356805],[-87.60984734375369,41.654032368094725],[-87.60968759919587,41.654128788435756],[-87.60959078533352,41.65422269391696],[-87.6095467601633,41.65428847269574],[-87.609504312301,41.65443993475872],[-87.60951949021035,41.656309047064404],[-87.60963009121785,41.656873157371706],[-87.6096440972074,41.65740357240508],[-87.60762390182134,41.65740537939041],[-87.60764695832898,41.65761057441549],[-87.60766324943141,41.65856826129461],[-87.60763049880302,41.65865288236552],[-87.60760871843841,41.65896963421999],[-87.60757453856982,41.659139178531674],[-87.60670274983578,41.65915927341658],[-87.60388321128448,41.65913323827754],[-87.60341215355315,41.65915203227139],[-87.6013717862283,41.65917449793047],[-87.59963023662775,41.65925877225764],[-87.59854284688338,41.65933630237597],[-87.59782949261614,41.65943529256675],[-87.5957183316032,41.65974604647722],[-87.59531043746279,41.65982518017916],[-87.59444775446958,41.659953166531224],[-87.59382677858997,41.6600737872154],[-87.59259467067965,41.66025462185651],[-87.59141240729109,41.66036417453437],[-87.59067431648857,41.66040028287667],[-87.58928030442584,41.66039054309345],[-87.5904444717904,41.66176343669518],[-87.60006845222827,41.67294149494324],[-87.60038786795837,41.67333981481586],[-87.60067142616552,41.673743778323264],[-87.6009084315989,41.67412812427264],[-87.60113448387341,41.67456185283929],[-87.60127869195757,41.674885779759805],[-87.60144575075951,41.67533834221031],[-87.60154371546108,41.67566683176912],[-87.60165675711316,41.676196193714524],[-87.60172308202124,41.67672654745607],[-87.60184595605098,41.68068718698267],[-87.6018789081421,41.6826261590242],[-87.60194049582114,41.68417004570589],[-87.601935802963,41.684741588742426],[-87.60190019417195,41.68506194514462],[-87.60171982664342,41.68583675742622],[-87.60136774411677,41.68666700907995],[-87.60069388863388,41.687961058040955],[-87.60029586612207,41.688677458607124],[-87.59973682568935,41.68974030494314],[-87.59885609681413,41.691309376320255],[-87.59724716541331,41.69430873272182],[-87.59679781743,41.6951760254546],[-87.59520848762902,41.69807407450355],[-87.59484999978086,41.698761999555515],[-87.59457800016101,41.69893099974118],[-87.59269299952523,41.70210199995187],[-87.59248500050533,41.702489000120984],[-87.59225099961019,41.703001999723035],[-87.59209799942718,41.70343199966711],[-87.5919120001136,41.70412400028648],[-87.59184099977703,41.70456999982073],[-87.5917950005148,41.70500799968441],[-87.5917810003735,41.705351000331945],[-87.59181800033204,41.706139999756594],[-87.59187400016242,41.70651399964915],[-87.59206899957942,41.70729300040273],[-87.59220540572366,41.70766529569895],[-87.59150706800729,41.70766360696842],[-87.58902392737477,41.707734744453475],[-87.58746268642845,41.70774278644496],[-87.58417486971905,41.707801327460594],[-87.58213309090301,41.707857026733656],[-87.57906452310078,41.70788170064686],[-87.57366300823087,41.70796629752663],[-87.57178900003957,41.70585200034889],[-87.56746199975507,41.70110899978195],[-87.56540199974935,41.701251000417116],[-87.56566899971433,41.70167100008448],[-87.56571499967255,41.70178299962719],[-87.5657510002302,41.70418899992973],[-87.56574573598606,41.7045088630359],[-87.56570804866102,41.70457621707957],[-87.56565324013344,41.70462066216774],[-87.56559883158597,41.70457795266827],[-87.56551145783769,41.70456842196472],[-87.56265408190713,41.704584501508535],[-87.56267734281832,41.70639571726691],[-87.55964471698454,41.706398720999985],[-87.55965408035478,41.707793971527025],[-87.55968865903012,41.708996846584064],[-87.55974874039448,41.71341897178635],[-87.55941399951243,41.71336099965764],[-87.55875699980204,41.7133488306963],[-87.55881600054741,41.71539599968646],[-87.5588649999346,41.719074999951495],[-87.55891700038642,41.719953999921785],[-87.55892099950131,41.72135899983892],[-87.55912400001453,41.72194900005022],[-87.55959100047052,41.72255999968398],[-87.55969481175303,41.72265880583073],[-87.55384619098979,41.722732779529316],[-87.55393249155395,41.72643201335618],[-87.55345399997555,41.72687600014081],[-87.55258180211911,41.7277467588701],[-87.5526387065422,41.73005749323198],[-87.5552537447457,41.73002605137128],[-87.55540457584824,41.73001362483235],[-87.55558507834633,41.73732937749688],[-87.55508025112412,41.73733643136439],[-87.5550875004348,41.737807803081935],[-87.5556795618348,41.737797958776184],[-87.55574508253866,41.74096349234678],[-87.55513131385636,41.74097203745259],[-87.5551664184305,41.742789551087654],[-87.55313275755877,41.74281710248608],[-87.55291701617904,41.74282491912746],[-87.55268230092514,41.74286974179166],[-87.55193216001558,41.742407918928045],[-87.5516265660143,41.74218688171371],[-87.55152379959765,41.74208831067708],[-87.55154222625941,41.74253983598156],[-87.55170535964756,41.74327079280909],[-87.55173417938153,41.74346698636648],[-87.55052094999502,41.7434705008871],[-87.55040650928227,41.743422655729255],[-87.5502949206223,41.74331522248192],[-87.55032449560912,41.74467415037965],[-87.5435018464316,41.74476398820189],[-87.54245503736918,41.74477390592378],[-87.54183699975368,41.74475899972756],[-87.54058005792935,41.74477761677418],[-87.53040397016387,41.74474923504472]]]}},{"type":"Feature","properties":{"ward":11},"geometry":{"type":"Polygon","coordinates":[[[-87.6359957815926,41.816349699623544],[-87.63751604489218,41.81632247622554],[-87.63747199685184,41.8149558536464],[-87.64569204981271,41.81481665423713],[-87.64563400108852,41.81249341463514],[-87.65524562563238,41.81236973525397],[-87.6585637879726,41.81236093181322],[-87.66039248344276,41.81226171843381],[-87.6649193845461,41.81220914160465],[-87.66506364171198,41.81222247421225],[-87.66524819412795,41.820243630585665],[-87.6653448619892,41.82203547563741],[-87.66542764445023,41.82257549540786],[-87.66546287990215,41.82292745893196],[-87.66546190780903,41.823150029695014],[-87.66635600205144,41.82314080395151],[-87.66798687426082,41.82319027291089],[-87.6689915617272,41.82318550179264],[-87.6690346326594,41.82498010318011],[-87.66781638090005,41.824993272990035],[-87.66780858613191,41.8245348120531],[-87.66600622040868,41.824560661569414],[-87.66601761263604,41.825014682275096],[-87.66546393640057,41.82502147077521],[-87.66547992112677,41.82593700046123],[-87.66608589142236,41.82593338870282],[-87.66609904639012,41.82684314399952],[-87.66725688228335,41.82683020755316],[-87.66730128389618,41.82865433675977],[-87.66790990614795,41.828648076564896],[-87.66795294384626,41.830474050893805],[-87.67528047960246,41.83039007096648],[-87.67531443719449,41.83181934972486],[-87.66809787468868,41.83623590387849],[-87.66807484066517,41.83550240278677],[-87.66797168692719,41.835531219651784],[-87.66635583562861,41.83555934020889],[-87.66632776606234,41.83474691556188],[-87.66566849310718,41.83475862519014],[-87.66565278900805,41.834185061621994],[-87.66439097811484,41.834199903460586],[-87.66434425666657,41.83235764466406],[-87.66143091456479,41.832387484502306],[-87.66059530981966,41.832375266370995],[-87.6604587611205,41.83232734678995],[-87.6603279414347,41.832229927945924],[-87.65973519570525,41.831515824481656],[-87.65945491490106,41.83115374840702],[-87.65938020762934,41.83104883633343],[-87.65935057262031,41.830967157487194],[-87.65930267575317,41.8305783948979],[-87.6573853455389,41.83059979313945],[-87.657365901327,41.83088299140505],[-87.6574297053652,41.83119733822898],[-87.65865855148834,41.83255658100056],[-87.66035395442317,41.83437036125216],[-87.66128690062901,41.83486315063337],[-87.66167098646758,41.835252805338605],[-87.66198991835412,41.83569051395623],[-87.6624865796822,41.83614133531368],[-87.66307794155732,41.83682275862668],[-87.6631733553867,41.83698069886317],[-87.6633606118067,41.83763553015569],[-87.66343971869075,41.83780547750422],[-87.66426802064285,41.8390330395667],[-87.66453755728655,41.83955519652878],[-87.66456648286518,41.83988223426166],[-87.66452844935768,41.840429877729306],[-87.6645422002443,41.84065998211053],[-87.664573557387,41.84075700963982],[-87.66484348173988,41.841242833591906],[-87.66496896839112,41.84161886996882],[-87.66495177700904,41.841715614860426],[-87.6643096111192,41.84280145801148],[-87.66388768776778,41.844096020224896],[-87.66377767588224,41.84429156629356],[-87.66345070386403,41.84450343802743],[-87.66252443379375,41.84490964334209],[-87.6616382025257,41.8453463728598],[-87.66041765690629,41.84604140218958],[-87.65890137068219,41.84717049833878],[-87.65759477146086,41.84796620079472],[-87.6573543403755,41.84809110450714],[-87.65704618739815,41.84821286381402],[-87.65667297077906,41.84831961286706],[-87.65630055614837,41.848353724628026],[-87.65340893859972,41.847961365231335],[-87.65305318512038,41.847947156200775],[-87.65258344193819,41.84800488428771],[-87.65157843364392,41.848176058031754],[-87.6510029511182,41.84830593679522],[-87.64963716141988,41.84839633321798],[-87.64864374650489,41.84861489583582],[-87.64759270071183,41.84894350704228],[-87.64679998379592,41.849211633644046],[-87.6458503474133,41.849384301810474],[-87.64488928192449,41.84941759666057],[-87.64397335889304,41.84950774653637],[-87.64331567680432,41.849693007455066],[-87.6426400397358,41.850023827990675],[-87.64218185442033,41.85045469145463],[-87.64114753423819,41.85179303880861],[-87.64034168598928,41.852986212440214],[-87.63987238141651,41.85358684124807],[-87.63964786765965,41.85394971626432],[-87.63939398037661,41.854284971739034],[-87.63904440195769,41.85456783517565],[-87.63870709415097,41.854744215974975],[-87.63885786558724,41.85555651725264],[-87.63884152969166,41.85569830373837],[-87.63887826745518,41.85598354068244],[-87.63901366686315,41.860018027331854],[-87.63779881768426,41.86001255460844],[-87.63390882765589,41.86013615467744],[-87.63193411680524,41.86014799153752],[-87.63026426984618,41.86012116728997],[-87.63027301467949,41.859537134669516],[-87.63015867457824,41.855501969452014],[-87.63015739858479,41.854961563328914],[-87.63011315980333,41.85350807180823],[-87.63006771775628,41.8529410158715],[-87.63026699953592,41.852939000117466],[-87.6301739994572,41.85263599962006],[-87.63010900001247,41.85211199990699],[-87.63008200039711,41.85113200016057],[-87.63008499952548,41.850490999957195],[-87.6301319996433,41.849258999856424],[-87.63006500820389,41.84794068679769],[-87.63004300034278,41.84717900026981],[-87.62994399052724,41.84668291041093],[-87.62995595002667,41.84427532680417],[-87.62986306237119,41.84190821439014],[-87.62978999988303,41.839504000254415],[-87.62978400042384,41.83825600007138],[-87.62968419431697,41.83462455069819],[-87.62964499951326,41.83252099960547],[-87.62959382311121,41.830970197920074],[-87.63150429566412,41.83093870210807],[-87.63146528430138,41.8290631132292],[-87.6325710462686,41.82905221430141],[-87.63266678158531,41.8290350974877],[-87.63262719992335,41.82728103481703],[-87.6338415219229,41.827264632831955],[-87.63376316158178,41.82361591835839],[-87.63635398378686,41.82358276497915],[-87.63615100045143,41.821832999671074],[-87.63605339598917,41.81905202004936],[-87.6359957815926,41.816349699623544]]]}},{"type":"Feature","properties":{"ward":12},"geometry":{"type":"Polygon","coordinates":[[[-87.6667343728858,41.84494194762792],[-87.66559780795019,41.844929308763085],[-87.66536431594226,41.84489776424994],[-87.66512332544545,41.84481793146655],[-87.66490679598131,41.84470808072636],[-87.66391878047983,41.844000621544815],[-87.6643096111192,41.84280145801148],[-87.66495177700904,41.841715614860426],[-87.66496896839112,41.84161886996882],[-87.66484348173988,41.841242833591906],[-87.664573557387,41.84075700963982],[-87.6645422002443,41.84065998211053],[-87.66452844935768,41.840429877729306],[-87.66456648286518,41.83988223426166],[-87.66453755728655,41.83955519652878],[-87.66426802064285,41.8390330395667],[-87.66343971869075,41.83780547750422],[-87.6633606118067,41.83763553015569],[-87.6631733553867,41.83698069886317],[-87.66307794155732,41.83682275862668],[-87.6624865796822,41.83614133531368],[-87.66198991835412,41.83569051395623],[-87.66167098646758,41.835252805338605],[-87.66128690062901,41.83486315063337],[-87.66035395442317,41.83437036125216],[-87.65865855148834,41.83255658100056],[-87.6574297053652,41.83119733822898],[-87.657365901327,41.83088299140505],[-87.6573853455389,41.83059979313945],[-87.65930267575317,41.8305783948979],[-87.65935057262031,41.830967157487194],[-87.65938020762934,41.83104883633343],[-87.65945491490106,41.83115374840702],[-87.65973519570525,41.831515824481656],[-87.6603279414347,41.832229927945924],[-87.6604587611205,41.83232734678995],[-87.66059530981966,41.832375266370995],[-87.66143091456479,41.832387484502306],[-87.66434425666657,41.83235764466406],[-87.66439097811484,41.834199903460586],[-87.66565278900805,41.834185061621994],[-87.66566849310718,41.83475862519014],[-87.66632776606234,41.83474691556188],[-87.66635583562861,41.83555934020889],[-87.66797168692719,41.835531219651784],[-87.66807484066517,41.83550240278677],[-87.66809787468868,41.83623590387849],[-87.67531443719449,41.83181934972486],[-87.67528047960246,41.83039007096648],[-87.66795294384626,41.830474050893805],[-87.66790990614795,41.828648076564896],[-87.66730128389618,41.82865433675977],[-87.66725688228335,41.82683020755316],[-87.66609904639012,41.82684314399952],[-87.66608589142236,41.82593338870282],[-87.66547992112677,41.82593700046123],[-87.66546393640057,41.82502147077521],[-87.66601761263604,41.825014682275096],[-87.66600622040868,41.824560661569414],[-87.66757473932812,41.824537463458206],[-87.66780858613191,41.8245348120531],[-87.66781638090005,41.824993272990035],[-87.6690346326594,41.82498010318011],[-87.6689915617272,41.82318550179264],[-87.66798687426082,41.82319027291089],[-87.66635600205144,41.82314080395151],[-87.66546190780903,41.823150029695014],[-87.66546287990215,41.82292745893196],[-87.66542764445023,41.82257549540786],[-87.6653448619892,41.82203547563741],[-87.66524819412795,41.820243630585665],[-87.66514819256369,41.815870797200645],[-87.67244948558171,41.81580689971528],[-87.6723040252541,41.810356437664005],[-87.67498900919638,41.81032218749086],[-87.67494526549383,41.80850744783722],[-87.67711968055258,41.80850251589484],[-87.6770274973659,41.80484777889808],[-87.67901499988999,41.80482499988121],[-87.67949000078913,41.80845900471588],[-87.68387370291445,41.80841735130828],[-87.68388417438325,41.8091955447045],[-87.68407223392276,41.81570339578387],[-87.68711236226899,41.81565702285526],[-87.68701367090179,41.812030966861066],[-87.68942675907671,41.81199249740914],[-87.68932356903063,41.808359869247404],[-87.70153638687214,41.8081662313638],[-87.70158722906544,41.80997755635963],[-87.70390252127405,41.8099430481499],[-87.70404641185677,41.80993931583137],[-87.70397493390205,41.80811536114959],[-87.71112971218723,41.80803612239074],[-87.71387381548001,41.80798866841363],[-87.71402500009594,41.811774999675706],[-87.71410500004149,41.815322000123686],[-87.7143179998097,41.821451000073615],[-87.71432900036248,41.82243499995962],[-87.71428099985975,41.823403999692154],[-87.71426400335987,41.82419513458788],[-87.71428599990107,41.825663000252206],[-87.71431899984435,41.82618899988828],[-87.71435899969616,41.8273359997995],[-87.71445500040522,41.82784000013859],[-87.71444999961047,41.82808300021511],[-87.71435399943955,41.82813899970537],[-87.71412700041652,41.82816699978446],[-87.71181499971229,41.82892000044538],[-87.71131600049193,41.82910100039721],[-87.71002399953939,41.829431000208075],[-87.70644900040976,41.830617000306916],[-87.70570799966231,41.83082599986318],[-87.7050099998122,41.83105100038043],[-87.70485600050817,41.831172000358805],[-87.70473899982564,41.831226999915856],[-87.7002610001472,41.83266099998652],[-87.70000399961393,41.832804000109874],[-87.69981299941817,41.83280299991991],[-87.69515900025972,41.83425899997231],[-87.69511500052262,41.83433000009899],[-87.69494694217072,41.8343819346452],[-87.6949638394878,41.83508587798938],[-87.68847100010025,41.83719099983249],[-87.68811900027839,41.83731199979216],[-87.68795000034183,41.83744899986797],[-87.68789900054595,41.83755400000792],[-87.68761700014333,41.837610000363355],[-87.6875879995985,41.84025900041041],[-87.68744199942066,41.8436399998425],[-87.6874650004303,41.84396400027541],[-87.68751200014259,41.844325000342856],[-87.68761500660575,41.84479432088425],[-87.68560112585463,41.84482094341934],[-87.6853936237211,41.84484971315466],[-87.67817241692667,41.84760916626338],[-87.67815149057674,41.8468256347195],[-87.67810121263396,41.84604109289905],[-87.6780573868638,41.84455614224094],[-87.67803412873828,41.84253019449528],[-87.67658868213138,41.84185579598403],[-87.67553682176614,41.84188887336367],[-87.67549020789673,41.84159015027585],[-87.67487691398476,41.84174270128828],[-87.67431796176176,41.842010079590786],[-87.67286339301046,41.842834252030194],[-87.66993145124528,41.84398289792573],[-87.66750324946457,41.84482220285811],[-87.6672184618993,41.84490252271411],[-87.6667343728858,41.84494194762792]]]}},{"type":"Feature","properties":{"ward":13},"geometry":{"type":"Polygon","coordinates":[[[-87.74205453618535,41.77112872117038],[-87.7421365402182,41.774187133397625],[-87.74216537173224,41.774780221289205],[-87.74703799925375,41.7746674160602],[-87.74704005685656,41.77474801680046],[-87.74715561757385,41.77475078804404],[-87.75661249178147,41.77457921603817],[-87.78112031427347,41.7740913256132],[-87.80080873884418,41.77377735318439],[-87.80082111676431,41.774051999690485],[-87.8007768974283,41.77413700480338],[-87.80077530024266,41.77420227710804],[-87.80083004500405,41.77543121073102],[-87.80081933420571,41.77560161631919],[-87.80085030437003,41.776338357735526],[-87.80088635292327,41.776567213482444],[-87.80086719035097,41.776800523116826],[-87.800871887964,41.776947611438835],[-87.8009238195309,41.77760963983749],[-87.80095592810609,41.7784637715095],[-87.80101061479665,41.77913498172409],[-87.80100660044448,41.77968016038093],[-87.80102359172724,41.78021910949178],[-87.80152796428041,41.79193918661201],[-87.80047289256026,41.79195023843371],[-87.79667243206535,41.79205867583743],[-87.78396012637788,41.7922997177297],[-87.78165100035797,41.7923569998088],[-87.78152199056761,41.792321266277014],[-87.78049797855037,41.792331628348876],[-87.77972412377054,41.79234746917836],[-87.77956085685595,41.792389695023296],[-87.76190308838396,41.79274298231727],[-87.7436177905949,41.793019570087715],[-87.74266238940095,41.793016170685874],[-87.73921070944183,41.793068103954944],[-87.72315895085606,41.79320439481521],[-87.72296146330665,41.7859365780575],[-87.72540667087023,41.785911628606655],[-87.72540468031079,41.78564429939604],[-87.7253048645182,41.78226708942792],[-87.72286269845594,41.782296183017564],[-87.72257606123947,41.77137395465697],[-87.73668526421987,41.77120937747179],[-87.74205453618535,41.77112872117038]]]}},{"type":"Feature","properties":{"ward":14},"geometry":{"type":"Polygon","coordinates":[[[-87.69420501050843,41.80828082795326],[-87.6940002169884,41.80098939989667],[-87.68546744869198,41.80113400319966],[-87.68544832008521,41.80095484646128],[-87.68530268512951,41.795326648066045],[-87.68528011757488,41.79522248477521],[-87.68896214109739,41.795152196415806],[-87.68893115340197,41.79378259002796],[-87.69624023162086,41.793649120748206],[-87.696135646522,41.790007663585584],[-87.69857722138394,41.78996474322468],[-87.69847143866167,41.786327479239795],[-87.70091147602538,41.78628624272937],[-87.70080531307399,41.782646563357126],[-87.70202362955337,41.78262524205909],[-87.70173255759764,41.771781065180775],[-87.70171986495247,41.77169221193407],[-87.71023797212662,41.771558292098156],[-87.71032281231305,41.775206984447195],[-87.71263984127405,41.77517025386643],[-87.71269775590609,41.77771823186681],[-87.712702719241,41.77861803042718],[-87.71274502647894,41.77901371231528],[-87.71276615880089,41.77953691718925],[-87.71293707595926,41.78560838347723],[-87.71289672792616,41.78609662258802],[-87.7131200102946,41.786092505336214],[-87.71313400057616,41.78699599956465],[-87.71319900285997,41.787912112014375],[-87.71323599984294,41.78882200021947],[-87.71331500008154,41.789746000266305],[-87.71339855811327,41.79336187499309],[-87.71346699959527,41.795204999890274],[-87.71352699955332,41.79881100037802],[-87.71361429909003,41.8006877021906],[-87.71600646816252,41.80065417359416],[-87.71600477673,41.80023905156922],[-87.72081636417737,41.800168341090746],[-87.72208470520629,41.80015289595065],[-87.72209563858566,41.80056901519486],[-87.72943241531253,41.80047689932613],[-87.7295519678409,41.800445862276334],[-87.73072034306917,41.80042876722116],[-87.73072359916097,41.800571057459535],[-87.73194235950149,41.80038536714165],[-87.73194764569038,41.800471817170425],[-87.73242274814423,41.800484584552834],[-87.73311099112273,41.80047664822695],[-87.73323124294721,41.800436243707736],[-87.74295868665216,41.8003274763042],[-87.7430605711112,41.80397085489242],[-87.73938968190785,41.804019900470784],[-87.73948887475875,41.8076694637625],[-87.73820700687617,41.80768431590886],[-87.73831400053092,41.811334000169474],[-87.73845200037614,41.813104999927994],[-87.73853300004957,41.81803399967044],[-87.73853599961821,41.819657999990866],[-87.73858199989023,41.82053999956129],[-87.73814700028906,41.82057100001212],[-87.7348809998177,41.821577000302895],[-87.72893700042545,41.823511999754345],[-87.72826199963438,41.823632999739424],[-87.72438700053068,41.82494599956061],[-87.72428500021817,41.82499599996222],[-87.72424800050173,41.82504499984123],[-87.72415999992599,41.825291999990036],[-87.72391800030165,41.82526499959398],[-87.72385899978973,41.82509999978755],[-87.72380699950517,41.8250949997205],[-87.71960900058018,41.82639200041662],[-87.71807499969245,41.826902999920954],[-87.71755500033466,41.82710600019473],[-87.71715100005216,41.827204999725865],[-87.7149339994941,41.82783199994973],[-87.71462600009824,41.82798000024361],[-87.71444999961047,41.82808300021511],[-87.71445500040522,41.82784000013859],[-87.71435899969616,41.8273359997995],[-87.71431899984435,41.82618899988828],[-87.71428599990107,41.825663000252206],[-87.71426400335987,41.82419513458788],[-87.71428099985975,41.823403999692154],[-87.71432900036248,41.82243499995962],[-87.7143179998097,41.821451000073615],[-87.71410500004149,41.815322000123686],[-87.71402500009594,41.811774999675706],[-87.71387381548001,41.80798866841363],[-87.71112971218723,41.80803612239074],[-87.70397493390205,41.80811536114959],[-87.70404641185677,41.80993931583137],[-87.70291654174102,41.80995789381628],[-87.70158722906544,41.80997755635963],[-87.70153638687214,41.8081662313638],[-87.69420501050843,41.80828082795326]]]}},{"type":"Feature","properties":{"ward":15},"geometry":{"type":"Polygon","coordinates":[[[-87.63583626029146,41.80904594407621],[-87.6406787384654,41.808952063222684],[-87.64063714847916,41.80723288156081],[-87.6406051289361,41.806596043311565],[-87.64058799974507,41.80551300013935],[-87.64059399996601,41.805414000286824],[-87.64061200029803,41.80538299986865],[-87.64064680308773,41.805374108977574],[-87.64048799971519,41.80529400041052],[-87.64070300018564,41.80518299964643],[-87.64127500002917,41.805024999580795],[-87.6424579996026,41.804996999645155],[-87.64299587462888,41.80492547887656],[-87.64543159056761,41.8049400025304],[-87.64553794081962,41.80886374513526],[-87.66588213425986,41.80858460805261],[-87.66739542862878,41.80858152165261],[-87.66730474937712,41.80494101740801],[-87.66973463654081,41.80491834394248],[-87.66969186978707,41.803097979257],[-87.67272980820334,41.80307015244039],[-87.6726825951163,41.80124945827675],[-87.67963914142908,41.80116797582814],[-87.67960499952288,41.79885700002767],[-87.68001497445312,41.79887406575816],[-87.6836026059783,41.79882654818948],[-87.68347802448542,41.793853107384386],[-87.68307781659,41.793819592320524],[-87.67551987822985,41.79390478390323],[-87.67546208850793,41.79208024044232],[-87.66696932338535,41.79218231755506],[-87.66682049285299,41.78671817079536],[-87.66560663620942,41.786733164343715],[-87.66543016186691,41.779556986899884],[-87.665485519522,41.77932774836749],[-87.66543635928537,41.777636241221074],[-87.66417058602636,41.77765484269308],[-87.6640702035934,41.774012626164414],[-87.67135136161144,41.77392216535468],[-87.67149674867683,41.7792333895746],[-87.6714908433731,41.779515359029276],[-87.67152992553359,41.78129122445303],[-87.67167140584498,41.78665720409306],[-87.6811080369094,41.7865413638157],[-87.68109619151754,41.7868563067928],[-87.68115107817324,41.788365319379174],[-87.68274442281393,41.78835569309129],[-87.68373907627215,41.78833192959638],[-87.68404906027662,41.78838749805859],[-87.68451149088125,41.78837995650226],[-87.68447490944413,41.78701127384028],[-87.68506892026087,41.78700094733375],[-87.68505689845843,41.78654468801974],[-87.6935951260783,41.78640707431964],[-87.69358151231387,41.78595470274078],[-87.69418951511787,41.78594810023144],[-87.69401626517144,41.77958094739802],[-87.69340810609086,41.779591533194456],[-87.693205942611,41.77182376051415],[-87.70171986495247,41.77169221193407],[-87.70173255759764,41.771781065180775],[-87.70202362955337,41.78262524205909],[-87.70080531307399,41.782646563357126],[-87.70091147602538,41.78628624272937],[-87.69847143866167,41.786327479239795],[-87.69857722138394,41.78996474322468],[-87.696135646522,41.790007663585584],[-87.69624023162086,41.793649120748206],[-87.68893115340197,41.79378259002796],[-87.68896214109739,41.795152196415806],[-87.68528011757488,41.79522248477521],[-87.68530268512951,41.795326648066045],[-87.68544832008521,41.80095484646128],[-87.68546744869198,41.80113400319966],[-87.6940002169884,41.80098939989667],[-87.69420501050843,41.80828082795326],[-87.68932356903063,41.808359869247404],[-87.68942675907671,41.81199249740914],[-87.68701367090179,41.812030966861066],[-87.68711236226899,41.81565702285526],[-87.68407223392276,41.81570339578387],[-87.68388417438325,41.8091955447045],[-87.68387370291445,41.80841735130828],[-87.67949000078913,41.80845900471588],[-87.67901499988999,41.80482499988121],[-87.6770274973659,41.80484777889808],[-87.67711968055258,41.80850251589484],[-87.67494526549383,41.80850744783722],[-87.67498900919638,41.81032218749086],[-87.6723040252541,41.810356437664005],[-87.67244948558171,41.81580689971528],[-87.66514819256369,41.815870797200645],[-87.66506364171198,41.81222247421225],[-87.6649193845461,41.81220914160465],[-87.66039248344276,41.81226171843381],[-87.6585637879726,41.81236093181322],[-87.65524562563238,41.81236973525397],[-87.64563400108852,41.81249341463514],[-87.64569204981271,41.81481665423713],[-87.63747199685184,41.8149558536464],[-87.63751604489218,41.81632247622554],[-87.6359957815926,41.816349699623544],[-87.6359760005956,41.815524999883685],[-87.63597999995706,41.81478000027719],[-87.63593799996222,41.81394599984686],[-87.63595300309127,41.81267310827586],[-87.63594399943293,41.81172200022343],[-87.63583626029146,41.80904594407621]]]}},{"type":"Feature","properties":{"ward":16},"geometry":{"type":"Polygon","coordinates":[[[-87.64077387550421,41.77616217103026],[-87.6424700235818,41.77614164161484],[-87.64263352265644,41.776135846819926],[-87.6426950785767,41.776094696032004],[-87.6427067729869,41.7760606545164],[-87.64269143761662,41.775330443169736],[-87.64261301668111,41.772505166135765],[-87.64325691121762,41.772493889745746],[-87.64320823206356,41.77067850908571],[-87.6445519500936,41.77065409791571],[-87.64441296222114,41.76520275882969],[-87.65411569770498,41.765057103209486],[-87.65445162785034,41.77779217745421],[-87.65931070779224,41.777721720227305],[-87.65911355575874,41.77044181463001],[-87.67245851191603,41.770272319752394],[-87.67241183359967,41.768457213136166],[-87.68202663305952,41.76834872037226],[-87.68197653312147,41.76653568337977],[-87.68818414970124,41.766438349207355],[-87.68823655050666,41.76825716799773],[-87.69312035086344,41.76817727897626],[-87.69340810609086,41.779591533194456],[-87.69401626517144,41.77958094739802],[-87.69418951511787,41.78594810023144],[-87.69358151231387,41.78595470274078],[-87.6935951260783,41.78640707431964],[-87.68505689845843,41.78654468801974],[-87.68506892026087,41.78700094733375],[-87.68447490944413,41.78701127384028],[-87.68451149088125,41.78837995650226],[-87.68404906027662,41.78838749805859],[-87.68373907627215,41.78833192959638],[-87.68274442281393,41.78835569309129],[-87.68115107817324,41.788365319379174],[-87.68109619151754,41.7868563067928],[-87.6811080369094,41.7865413638157],[-87.67167140584498,41.78665720409306],[-87.67152992553359,41.78129122445303],[-87.6714908433731,41.779515359029276],[-87.67149674867683,41.7792333895746],[-87.67135136161144,41.77392216535468],[-87.6640702035934,41.774012626164414],[-87.66417058602636,41.77765484269308],[-87.66543635928537,41.777636241221074],[-87.665485519522,41.77932774836749],[-87.66543016186691,41.779556986899884],[-87.66560663620942,41.786733164343715],[-87.66682049285299,41.78671817079536],[-87.66696932338535,41.79218231755506],[-87.67546208850793,41.79208024044232],[-87.67551987822985,41.79390478390323],[-87.68307781659,41.793819592320524],[-87.68347802448542,41.793853107384386],[-87.6836026059783,41.79882654818948],[-87.68001497445312,41.79887406575816],[-87.67960499952288,41.79885700002767],[-87.67963914142908,41.80116797582814],[-87.6748244042119,41.80123028236082],[-87.66505675850746,41.801313942676174],[-87.65991843967545,41.80138243347679],[-87.65990930474713,41.80092846683736],[-87.66050289940158,41.80092477740594],[-87.6605070477986,41.80089629651815],[-87.66046892812712,41.798857266061205],[-87.66038505341517,41.795911985643045],[-87.66099211422637,41.79590395625839],[-87.66094578981142,41.79408737174156],[-87.65487424708307,41.79417188023478],[-87.65495783835478,41.79781023418284],[-87.65010870539119,41.79787639434983],[-87.6501059105343,41.79777181966905],[-87.64524780316832,41.79784230404443],[-87.64525052994173,41.7979421569689],[-87.64051794586524,41.798026365228054],[-87.64048368497168,41.79800318878061],[-87.64047204204324,41.79796392977897],[-87.64041863536016,41.79530305846176],[-87.64032044872337,41.794387597764675],[-87.6403184245754,41.792156107560366],[-87.64010148833074,41.784428826063035],[-87.64001653092399,41.7808894149173],[-87.64002771686272,41.78074511574561],[-87.64263165932711,41.780691414826514],[-87.64261898795047,41.77978283429985],[-87.64478649531843,41.77975061170125],[-87.64477026323452,41.779061510456586],[-87.64084868657103,41.77908000569749],[-87.64077387550421,41.77616217103026]]]}},{"type":"Feature","properties":{"ward":17},"geometry":{"type":"Polygon","coordinates":[[[-87.65445162785034,41.77779217745421],[-87.65411569770498,41.765057103209486],[-87.64441296222114,41.76520275882969],[-87.64427504022228,41.75974456015076],[-87.63927299063872,41.759823608601366],[-87.63923600055864,41.757996999892185],[-87.63940499595586,41.75615560127891],[-87.63786286139973,41.75618302860425],[-87.63696516952119,41.7562153531978],[-87.62895570987774,41.756339940688584],[-87.62892444647434,41.755921108835295],[-87.62885887341986,41.75587470921917],[-87.6287508734253,41.75586740320825],[-87.62873743040649,41.75501892266796],[-87.62872805320139,41.75500503653611],[-87.62856815855055,41.75499104474663],[-87.62855571330329,41.75452396800558],[-87.6271129277402,41.75455220530427],[-87.62703497598648,41.75091100776826],[-87.62652308043161,41.750935822341006],[-87.62582444365255,41.75092641822915],[-87.6257192694258,41.747282321927074],[-87.6317836521322,41.74718601387217],[-87.63187786770347,41.75082334684663],[-87.64282185103997,41.75066047680057],[-87.64276726265909,41.74883925353669],[-87.64398874342399,41.748819475055065],[-87.64371395271682,41.739188778483886],[-87.64364754825287,41.73731330537009],[-87.64497210176421,41.73657765381798],[-87.64482571329309,41.73696231663259],[-87.64729057419079,41.736930983865875],[-87.64728137709042,41.736020285604276],[-87.65698728909781,41.73587947964782],[-87.6570872428566,41.73952053459004],[-87.65830023009389,41.7395038768858],[-87.65839827545088,41.74314419163321],[-87.67296361593974,41.74294352737442],[-87.673113243654,41.74956354912365],[-87.67333858701855,41.75752376502008],[-87.67646800038452,41.75745700031978],[-87.67846600025707,41.75745200037347],[-87.67851700035233,41.759125000192455],[-87.67851100033559,41.76113099958237],[-87.67856100039323,41.762629999935854],[-87.67858302990108,41.76475570756526],[-87.68324268143148,41.764702214309516],[-87.68319214475076,41.76287666549326],[-87.69297869435917,41.76271614068398],[-87.69302892316826,41.764539713945716],[-87.70063225783615,41.764410708281765],[-87.70281277597837,41.76438866114751],[-87.7027104626119,41.76075617388368],[-87.70279767921953,41.76077197669969],[-87.70753592982787,41.76069329687066],[-87.70758752129537,41.760680310155415],[-87.70753052033876,41.760046681583894],[-87.7074842546088,41.75856906099826],[-87.70749035680356,41.758465387075944],[-87.70755421424744,41.758407582393225],[-87.7076282315002,41.75838317696858],[-87.71204981766219,41.758315703961756],[-87.71213053746135,41.75832964313601],[-87.71216225240914,41.75835884854639],[-87.7121685445408,41.75838657316543],[-87.71216338537948,41.758651727675165],[-87.71221933288176,41.75889704174695],[-87.7122440822065,41.759409235051066],[-87.71224106473713,41.76059684401523],[-87.71240299996731,41.76059299960782],[-87.71254042411924,41.76424237591285],[-87.7126289999274,41.766032999563095],[-87.71265400036259,41.76878499986354],[-87.71271800013822,41.77061400033852],[-87.71272400695169,41.771522431976635],[-87.693205942611,41.77182376051415],[-87.69312035086344,41.76817727897626],[-87.68823655050666,41.76825716799773],[-87.68818414970124,41.766438349207355],[-87.68197653312147,41.76653568337977],[-87.68202663305952,41.76834872037226],[-87.67241183359967,41.768457213136166],[-87.67245851191603,41.770272319752394],[-87.65911355575874,41.77044181463001],[-87.65931070779224,41.777721720227305],[-87.65445162785034,41.77779217745421]]]}},{"type":"Feature","properties":{"ward":18},"geometry":{"type":"Polygon","coordinates":[[[-87.65830023009389,41.7395038768858],[-87.66315679164964,41.73943204434031],[-87.66306513472291,41.735789784689906],[-87.6618487099902,41.735808030361014],[-87.66174232074417,41.73209125191825],[-87.66225736582592,41.73207916378086],[-87.66295515605634,41.732008376190834],[-87.66295809238554,41.73210098225664],[-87.66414400053118,41.73182299995112],[-87.66474999953752,41.731561999728385],[-87.66535865806256,41.73120810136793],[-87.66538724190642,41.732085580549],[-87.66660140943557,41.732069741289514],[-87.66653999797747,41.73022293775139],[-87.66673517105946,41.73022086847373],[-87.66854300912306,41.73238964209718],[-87.67089491782129,41.73517256816255],[-87.67091831530804,41.73522031698484],[-87.67094478301769,41.735685923370326],[-87.67262296727048,41.73565141269591],[-87.67380662735229,41.73565427102865],[-87.68299346033854,41.73552116159952],[-87.70048520078812,41.73522038864272],[-87.70147060286448,41.735220370750675],[-87.70215111676596,41.735187094241816],[-87.70279799607988,41.73517540895011],[-87.70915747347412,41.73508384368853],[-87.72595575351596,41.73477978132385],[-87.72715957915788,41.73473388479046],[-87.7382578805239,41.734549132898415],[-87.73860654262066,41.73456617492259],[-87.7395265845567,41.73456004420313],[-87.74106728103854,41.7345235610951],[-87.74093558031612,41.735807115249585],[-87.74093262750483,41.73686513955794],[-87.74130386827815,41.7476455689195],[-87.7413068627722,41.74836925930704],[-87.74131987787999,41.74871966572742],[-87.74139193621347,41.74952414752951],[-87.74141308846498,41.75066814041972],[-87.74146648358588,41.75178123396916],[-87.74146741284211,41.75227848014965],[-87.74149736614143,41.75267139954431],[-87.74149657003977,41.75344496155095],[-87.74153182531757,41.75467376027001],[-87.74169035986694,41.758936827157754],[-87.74177885689274,41.760463226883104],[-87.74179223753785,41.76083779739813],[-87.7417848584501,41.76128379469051],[-87.74185496120873,41.76258902893785],[-87.74189562256831,41.76410496225387],[-87.73633999965882,41.76416199978453],[-87.7333000004099,41.76406399997522],[-87.73217600057195,41.76408500002296],[-87.73184099952107,41.764117000289204],[-87.7303219999306,41.76409699999287],[-87.72769800017204,41.764129000108674],[-87.72435200045389,41.76413200004365],[-87.72340600039335,41.764216999894835],[-87.72235486017783,41.76410025728471],[-87.72222099998609,41.76041499992462],[-87.72217531680988,41.75722327494875],[-87.72219100016673,41.75683800011305],[-87.7184620005451,41.75689300010085],[-87.7163019994055,41.756868999805846],[-87.71232300041427,41.75690700024433],[-87.71240299996731,41.76059299960782],[-87.71224106473713,41.76059684401523],[-87.71224836388227,41.759569526016165],[-87.71222549708256,41.75899515588059],[-87.71221933288176,41.75889704174695],[-87.71216338537948,41.758651727675165],[-87.7121685445408,41.75838657316543],[-87.71216225240914,41.75835884854639],[-87.71213053746135,41.75832964313601],[-87.71204981766219,41.758315703961756],[-87.71009404909077,41.75834347684584],[-87.7076282315002,41.75838317696858],[-87.70757417550041,41.758397784441954],[-87.70749035680356,41.758465387075944],[-87.7074842546088,41.75856906099826],[-87.70753052033876,41.760046681583894],[-87.70758752129537,41.760680310155415],[-87.70753592982787,41.76069329687066],[-87.70714085122728,41.76070445430461],[-87.70279767921953,41.76077197669969],[-87.7027104626119,41.76075617388368],[-87.70281277597837,41.76438866114751],[-87.70063225783615,41.764410708281765],[-87.69302892316826,41.764539713945716],[-87.69297869435917,41.76271614068398],[-87.68319214475076,41.76287666549326],[-87.68324268143148,41.764702214309516],[-87.67858302990108,41.76475570756526],[-87.67856100039323,41.762629999935854],[-87.67851100033559,41.76113099958237],[-87.67851700035233,41.759125000192455],[-87.67846600025707,41.75745200037347],[-87.67646800038452,41.75745700031978],[-87.67333858701855,41.75752376502008],[-87.673113243654,41.74956354912365],[-87.67296361593974,41.74294352737442],[-87.65839827545088,41.74314419163321],[-87.65830023009389,41.7395038768858]]]}},{"type":"Feature","properties":{"ward":19},"geometry":{"type":"Polygon","coordinates":[[[-87.66673517105946,41.73022086847373],[-87.6680999597303,41.730209710862255],[-87.66821600014728,41.73017699979551],[-87.66743599999224,41.72845099959944],[-87.66714900009892,41.72813000008882],[-87.66650600007874,41.726973999751756],[-87.66571699969984,41.725612999571226],[-87.66440899944568,41.7229730000903],[-87.66345215638282,41.72120154076492],[-87.66302900023712,41.71838699984408],[-87.66123400014949,41.71600999955302],[-87.65976608376303,41.71400439055897],[-87.65964230199954,41.71400626789848],[-87.6590447564296,41.71286554672398],[-87.6560732372595,41.707001136196155],[-87.65601924572327,41.70678549952982],[-87.65725994637093,41.70347426847433],[-87.65932190397997,41.69784420334029],[-87.66318029501518,41.69234700999422],[-87.6640721885665,41.69104914294553],[-87.66478177774701,41.68987265954868],[-87.6712566925282,41.67849246300611],[-87.67177245770222,41.67756814741298],[-87.67187765336362,41.67734231456844],[-87.67849927331117,41.677228666396665],[-87.68038323157953,41.67724415986119],[-87.68168785587983,41.67730129202331],[-87.68620516270785,41.67720825955263],[-87.68586885949115,41.67797242167907],[-87.68578243019012,41.67820267960036],[-87.68565239718079,41.67867095468163],[-87.68558012995639,41.67914619631407],[-87.68556625544143,41.679624457305216],[-87.68572196637197,41.68447581669128],[-87.69562539859696,41.68433322389876],[-87.69576463301573,41.68807557076692],[-87.69605433663673,41.688077031730124],[-87.69614779115187,41.68803279874699],[-87.69660590543194,41.68798436325004],[-87.69798597020709,41.68794464509702],[-87.69947335909703,41.687933340945825],[-87.69939777067344,41.68614739585582],[-87.70062408219505,41.68613630562521],[-87.70055272288913,41.684262795770834],[-87.7054170748198,41.68418728073995],[-87.70529909123118,41.681267684937275],[-87.70527892147047,41.680685389139725],[-87.7052866694395,41.68054876297879],[-87.70771280642953,41.68051097488803],[-87.70771766458965,41.6806014906157],[-87.71136096121131,41.68054463898839],[-87.71139282862899,41.681268998530115],[-87.71157979473328,41.681267423384355],[-87.71159748236249,41.68183263090224],[-87.71141376574633,41.681835589524134],[-87.71150728920243,41.68409336042606],[-87.72182797934238,41.68393671316841],[-87.72183167751149,41.684030707445174],[-87.7248927811901,41.68397785142273],[-87.72489365029702,41.68399702586028],[-87.7392738003948,41.68374744880728],[-87.73948732629545,41.68913463648935],[-87.73966399708156,41.68913142374944],[-87.73973541289952,41.6907771740642],[-87.72517115731299,41.69104120433964],[-87.72517656545192,41.691178400978934],[-87.72031635469436,41.69126611658863],[-87.72037283941953,41.69221462426943],[-87.72053708975419,41.69649644586494],[-87.72062970297036,41.69834980869552],[-87.72076411194526,41.70245000674331],[-87.72083951880236,41.70427829865068],[-87.72088474066301,41.70500817567425],[-87.7210719824748,41.710690018143254],[-87.72112512017034,41.71316990665106],[-87.71257764307556,41.71329668470365],[-87.71252474047127,41.71147377206587],[-87.71129848974435,41.71149122754001],[-87.71112318817514,41.706073725631775],[-87.70791777042658,41.70610050471561],[-87.70261043040219,41.706177653159386],[-87.70132486786606,41.70617824957426],[-87.7013755809086,41.70705154223872],[-87.70120153749235,41.70708357720331],[-87.69151938521983,41.707203132531994],[-87.69172883361979,41.71356566758791],[-87.68272418070981,41.71366683851316],[-87.68184216902202,41.71366176757131],[-87.68251403579681,41.73552728328312],[-87.67380662735229,41.73565427102865],[-87.67262296727048,41.73565141269591],[-87.67094478301769,41.735685923370326],[-87.67091831530804,41.73522031698484],[-87.67089491782129,41.73517256816255],[-87.66854300912306,41.73238964209718],[-87.66673517105946,41.73022086847373]],[[-87.69589500239167,41.69162508387324],[-87.69208702136879,41.69167197361508],[-87.6921045762783,41.692201361781],[-87.6917677194196,41.692205644785524],[-87.69170812062599,41.69227386898997],[-87.69096771814678,41.69228398754025],[-87.69120015235893,41.69898608515328],[-87.69615199940529,41.69896000005625],[-87.69606599985333,41.69530999979504],[-87.69595299973827,41.6925369995922],[-87.69589500239167,41.69162508387324]]]}},{"type":"Feature","properties":{"ward":20},"geometry":{"type":"Polygon","coordinates":[[[-87.62082352068653,41.79383036570983],[-87.6159579289108,41.79392225961935],[-87.61613348740482,41.80090156868877],[-87.61614296601584,41.801909580324185],[-87.6161107442608,41.80210252359545],[-87.61626123771099,41.802686860674406],[-87.61636477587248,41.80297966308074],[-87.61641116536286,41.80319417155966],[-87.61645151127163,41.80392247763674],[-87.6155068988802,41.80393648009504],[-87.61555474719724,41.8057555030512],[-87.61258736269271,41.80580335442706],[-87.61254581660111,41.80398265655895],[-87.60659642300215,41.80407512859337],[-87.60593681371411,41.80409691532239],[-87.60548238210322,41.80408380075612],[-87.60425645139394,41.80409402900652],[-87.60420231918523,41.80228130533299],[-87.60288539735818,41.802298417045456],[-87.60273289341562,41.79532460264178],[-87.60368307851253,41.79531783339429],[-87.60379851021081,41.79539990710156],[-87.60382750329265,41.79545906613882],[-87.60375199088692,41.79498852941876],[-87.60621549732316,41.794965361625096],[-87.60610328564402,41.78867601693271],[-87.60603749188726,41.785874065427755],[-87.60443140498907,41.78589316390951],[-87.60441707202526,41.78525292095678],[-87.60279625194588,41.78526935511549],[-87.6027692776126,41.78409420919265],[-87.59628785042814,41.7841668368789],[-87.59633224548625,41.78601361518613],[-87.59563594404739,41.786055775353084],[-87.59471099130596,41.78606552433461],[-87.59468199957813,41.78455999962263],[-87.59465598750702,41.78418327984596],[-87.59143586227552,41.784206297439184],[-87.59140727882112,41.78327712264174],[-87.59050642057458,41.783287080775125],[-87.59040356009271,41.78329780511018],[-87.59029000355184,41.78335255953369],[-87.59016887762102,41.783293378141764],[-87.59012600023804,41.78323900026006],[-87.5899410005948,41.78320799974422],[-87.59037699952452,41.781483000128084],[-87.59098797893094,41.77875518635803],[-87.59145585202671,41.778754844063954],[-87.59143975026137,41.77815575174349],[-87.5914496758827,41.778019891001314],[-87.59211484423271,41.775096968375124],[-87.5918143106451,41.775105045437854],[-87.59205599998043,41.7741000001114],[-87.5922210845444,41.773274260155894],[-87.60539113349081,41.77314602561939],[-87.61794321281114,41.77292489923999],[-87.619150934975,41.773865730258606],[-87.61940930267706,41.77404909468967],[-87.6197378425193,41.774251334625646],[-87.62000360060091,41.7744031339004],[-87.62049730625029,41.77462615268799],[-87.62071465088839,41.7747012582616],[-87.62117429463491,41.77482264759492],[-87.62188387365192,41.774936362587646],[-87.62243951761486,41.774968778360055],[-87.62453273668592,41.774941310169865],[-87.62551914980556,41.774908619706856],[-87.62602783000912,41.774920713841716],[-87.62624910167153,41.7749400002169],[-87.62671101118421,41.775012011202605],[-87.62731172405407,41.77515651750059],[-87.62760115206434,41.775258916955394],[-87.62810827603016,41.77548428498913],[-87.62861911373555,41.77580506093131],[-87.62883583801461,41.775976440466046],[-87.62959742110404,41.77663852680186],[-87.6298880496924,41.7768645773813],[-87.63005354000366,41.77703118321279],[-87.63007011969226,41.77659641077609],[-87.63015412603299,41.77668750894669],[-87.63023034975821,41.77686070613999],[-87.63029885948009,41.776972626438486],[-87.63114925155142,41.778108723385465],[-87.63141802548445,41.77813050682027],[-87.63964200058828,41.778008015739054],[-87.63959399672721,41.776175852349404],[-87.64077387550421,41.77616217103026],[-87.64084868657103,41.77908000569749],[-87.64477026323452,41.779061510456586],[-87.64478649531843,41.77975061170125],[-87.64261898795047,41.77978283429985],[-87.64263165932711,41.780691414826514],[-87.64002771686272,41.78074511574561],[-87.64001653092399,41.7808894149173],[-87.64010148833074,41.784428826063035],[-87.6403184245754,41.792156107560366],[-87.64032044872337,41.794387597764675],[-87.64041863536016,41.79530305846176],[-87.64047204204324,41.79796392977897],[-87.64049273255586,41.79801441223213],[-87.6406275680882,41.798029386136676],[-87.6417538789253,41.798010869723925],[-87.6423576384093,41.79798390442291],[-87.64296378890698,41.79798702752176],[-87.64525052994173,41.7979421569689],[-87.64524780316832,41.79784230404443],[-87.6501059105343,41.79777181966905],[-87.65010870539119,41.79787639434983],[-87.65495783835478,41.79781023418284],[-87.65487424708307,41.79417188023478],[-87.66094578981142,41.79408737174156],[-87.66099211422637,41.79590395625839],[-87.66038505341517,41.795911985643045],[-87.66046892812712,41.798857266061205],[-87.6605070477986,41.80089629651815],[-87.66050289940158,41.80092477740594],[-87.65990930474713,41.80092846683736],[-87.65991843967545,41.80138243347679],[-87.66505675850746,41.801313942676174],[-87.6726825951163,41.80124945827675],[-87.67272980820334,41.80307015244039],[-87.66969186978707,41.803097979257],[-87.66973463654081,41.80491834394248],[-87.66730474937712,41.80494101740801],[-87.66739542862878,41.80858152165261],[-87.66588213425986,41.80858460805261],[-87.64553794081962,41.80886374513526],[-87.64543159056761,41.8049400025304],[-87.64299587462888,41.80492547887656],[-87.6424579996026,41.804996999645155],[-87.64127500002917,41.805024999580795],[-87.64070300018564,41.80518299964643],[-87.64048799971519,41.80529400041052],[-87.64064680308773,41.805374108977574],[-87.64061200029803,41.80538299986865],[-87.64059399996601,41.805414000286824],[-87.64058799974507,41.80551300013935],[-87.6406051289361,41.806596043311565],[-87.64063714847916,41.80723288156081],[-87.6406787384654,41.808952063222684],[-87.63475450990803,41.809068318649246],[-87.63477066979681,41.80944821217702],[-87.63338278155737,41.8094756308855],[-87.63339246907937,41.80984994976912],[-87.63224785035075,41.80987176185234],[-87.6319767821498,41.810316214064905],[-87.63201331626608,41.81176215702259],[-87.6334422050257,41.81173892309963],[-87.63346197958835,41.8125158556042],[-87.63460646363578,41.81249799943131],[-87.63471780398524,41.8163653738614],[-87.63520487397543,41.81635765880857],[-87.63523168712116,41.817263494930934],[-87.63537421308355,41.8174587898704],[-87.63537915183859,41.817710695542054],[-87.63359005408809,41.81773672140779],[-87.63355352910492,41.816451602809266],[-87.63356289735286,41.81638385179767],[-87.62912596967291,41.816450145852386],[-87.62899001044335,41.81212852097551],[-87.62891600608279,41.80918519845227],[-87.62896400052078,41.80597500016562],[-87.62893899986047,41.805017999673986],[-87.62885599991345,41.80381599965736],[-87.62883100704977,41.80189214372047],[-87.62798418260235,41.80191155286999],[-87.62783693045108,41.796469276061394],[-87.62727558889547,41.79647664051288],[-87.62687276919118,41.79640006759064],[-87.62683199528844,41.79635607316875],[-87.62678463140911,41.79463158437544],[-87.62537020634177,41.794640129702685],[-87.62084610137212,41.79472287219379],[-87.62082352068653,41.79383036570983]]]}},{"type":"Feature","properties":{"ward":21},"geometry":{"type":"Polygon","coordinates":[[[-87.62404674870395,41.73013800330324],[-87.62439974817539,41.73011215524769],[-87.6302559999413,41.730058000371415],[-87.63366900020064,41.72999399987932],[-87.63858620829586,41.7299619952647],[-87.6385560605233,41.72883321942432],[-87.63976989417623,41.72881644701323],[-87.6394016239538,41.71518918528304],[-87.63791302940018,41.71517277807232],[-87.63699007839587,41.71518467308163],[-87.63697097549678,41.71427382435788],[-87.63938525265387,41.71424923015531],[-87.63919098973838,41.706964736521655],[-87.628296168818,41.70710116487459],[-87.62826923793195,41.7070409154427],[-87.62801565102835,41.697083009021355],[-87.63042807181492,41.69705369702553],[-87.63028003727702,41.69110315544015],[-87.62986678242162,41.67794721415281],[-87.63227311778378,41.67792024061238],[-87.63205612202371,41.67063584841216],[-87.64192017609943,41.670536355308585],[-87.65828727600665,41.670288303613866],[-87.65865229821475,41.670285232899666],[-87.65879485657497,41.670334643913996],[-87.65936381332035,41.670318386885924],[-87.66115006208827,41.67033513226811],[-87.66138359020331,41.67730754051263],[-87.66136505529057,41.67754425981444],[-87.66677013973978,41.677437963774146],[-87.6673157820211,41.67596305633844],[-87.66840364205208,41.6761881261128],[-87.66795162925034,41.67741706508535],[-87.67187765336362,41.67734231456844],[-87.67177245770222,41.67756814741298],[-87.6712566925282,41.67849246300611],[-87.66478177774701,41.68987265954868],[-87.6640721885665,41.69104914294553],[-87.66318029501518,41.69234700999422],[-87.65932190397997,41.69784420334029],[-87.65725994637093,41.70347426847433],[-87.65601924572327,41.70678549952982],[-87.6560732372595,41.707001136196155],[-87.6590447564296,41.71286554672398],[-87.65964230199954,41.71400626789848],[-87.65976608376303,41.71400439055897],[-87.66123400014949,41.71600999955302],[-87.66302900023712,41.71838699984408],[-87.66345215638282,41.72120154076492],[-87.66440899944568,41.7229730000903],[-87.66571699969984,41.725612999571226],[-87.66650600007874,41.726973999751756],[-87.66714900009892,41.72813000008882],[-87.66743599999224,41.72845099959944],[-87.66821600014728,41.73017699979551],[-87.6680999597303,41.730209710862255],[-87.66653999797747,41.73022293775139],[-87.66660140943557,41.732069741289514],[-87.66538724190642,41.732085580549],[-87.66535865806256,41.73120810136793],[-87.66474999953752,41.731561999728385],[-87.66414400053118,41.73182299995112],[-87.66295809238554,41.73210098225664],[-87.66295515605634,41.732008376190834],[-87.66225736582592,41.73207916378086],[-87.66174232074417,41.73209125191825],[-87.6618487099902,41.735808030361014],[-87.66306513472291,41.735789784689906],[-87.66315679164964,41.73943204434031],[-87.6570872428566,41.73952053459004],[-87.65698728909781,41.73587947964782],[-87.64728137709042,41.736020285604276],[-87.64729057419079,41.736930983865875],[-87.64482571329309,41.73696231663259],[-87.64497210176421,41.73657765381798],[-87.64364754825287,41.73731330537009],[-87.64383083197245,41.74335811811617],[-87.6420164612526,41.74338478077459],[-87.64129644849156,41.74343077662588],[-87.64081167825807,41.74343608874459],[-87.64045178098935,41.743407957972785],[-87.63649109020227,41.74350167545055],[-87.63608122295811,41.74397835150569],[-87.63594552848008,41.744162166927076],[-87.63463955246053,41.743652131736],[-87.6343664862591,41.74355264122091],[-87.63416703426638,41.74350073555875],[-87.62911226807981,41.74358212203999],[-87.62909244340997,41.74186292475612],[-87.62908335484855,41.74179264263272],[-87.62904464977565,41.74176010491401],[-87.62897961099671,41.74174993640867],[-87.62641226953399,41.74181229930193],[-87.62558200335575,41.74181715058592],[-87.62534899967932,41.741801999899444],[-87.6251432894512,41.741742041200595],[-87.62428429687039,41.74182975900945],[-87.62419407320381,41.7384987913647],[-87.62418128936051,41.737209628676666],[-87.62410815278055,41.7340896089702],[-87.62405873396455,41.733666158579],[-87.62400690780575,41.731666799427224],[-87.62405702176078,41.73070146733033],[-87.62404674870395,41.73013800330324]]]}},{"type":"Feature","properties":{"ward":22},"geometry":{"type":"Polygon","coordinates":[[[-87.7076144349002,41.84994530390128],[-87.70758644054963,41.84811012312626],[-87.71001867044983,41.84807700861817],[-87.70991620767873,41.84491257570378],[-87.70986220290668,41.842622591401046],[-87.70498445430648,41.84269655834318],[-87.7046856472903,41.832591395380014],[-87.70465932892746,41.8312529432191],[-87.70485600050817,41.831172000358805],[-87.7050099998122,41.83105100038043],[-87.70570799966231,41.83082599986318],[-87.70644900040976,41.830617000306916],[-87.71002399953939,41.829431000208075],[-87.71131600049193,41.82910100039721],[-87.71181499971229,41.82892000044538],[-87.71412700041652,41.82816699978446],[-87.71435399943955,41.82813899970537],[-87.71462600009824,41.82798000024361],[-87.7149339994941,41.82783199994973],[-87.71715100005216,41.827204999725865],[-87.71755500033466,41.82710600019473],[-87.71807499969245,41.826902999920954],[-87.71960900058018,41.82639200041662],[-87.72380699950517,41.8250949997205],[-87.72385899978973,41.82509999978755],[-87.72391800030165,41.82526499959398],[-87.72415999992599,41.825291999990036],[-87.72424800050173,41.82504499984123],[-87.72428500021817,41.82499599996222],[-87.72438700053068,41.82494599956061],[-87.72826199963438,41.823632999739424],[-87.72893700042545,41.823511999754345],[-87.7348809998177,41.821577000302895],[-87.73814700028906,41.82057100001212],[-87.73858199989023,41.82053999956129],[-87.73853599961821,41.819657999990866],[-87.73853300004957,41.81803399967044],[-87.73845200037614,41.813104999927994],[-87.73831400053092,41.811334000169474],[-87.73820700687617,41.80768431590886],[-87.73948887475875,41.8076694637625],[-87.73938968190785,41.804019900470784],[-87.7430605711112,41.80397085489242],[-87.74300335306627,41.80214891485771],[-87.75278602118527,41.80201504487303],[-87.7530770238064,41.81331033755257],[-87.74465491895279,41.81596321993672],[-87.74476277586842,41.82198377911947],[-87.74466299977477,41.822025000027146],[-87.74458657543924,41.822034337539854],[-87.7384858277052,41.822119897831044],[-87.73863864201142,41.82942561914309],[-87.73881215675301,41.836725731807604],[-87.73893326604524,41.83672441025666],[-87.73898808392016,41.83854944140703],[-87.73910919588373,41.83854820252143],[-87.73944942524585,41.84959975117645],[-87.73946946730757,41.849599526180604],[-87.73950467489975,41.85134929519256],[-87.73837421850502,41.85136586975943],[-87.73807399944961,41.85144899992122],[-87.7375879998334,41.851479999985195],[-87.73503500000949,41.85152199968598],[-87.73450491770203,41.851517012382715],[-87.73124700039675,41.85157700005117],[-87.72915499940822,41.85158799983878],[-87.72825100017678,41.85161700025389],[-87.72417400024504,41.85165799968594],[-87.72349963753625,41.851680305081906],[-87.72349639845002,41.85156554320257],[-87.71256225229224,41.85169014378317],[-87.71242151306173,41.85170667146548],[-87.71114293830607,41.851991137597466],[-87.71113276879146,41.85190041222314],[-87.71088964595285,41.85164513597023],[-87.7106355374969,41.851691349064126],[-87.71038897158618,41.85170483079605],[-87.7076890117448,41.85173625984113],[-87.70764167399979,41.85005017341153],[-87.7076385973123,41.84998171500189],[-87.7076144349002,41.84994530390128]]]}},{"type":"Feature","properties":{"ward":23},"geometry":{"type":"Polygon","coordinates":[[[-87.71023797212662,41.771558292098156],[-87.71272400695169,41.771522431976635],[-87.71271800013822,41.77061400033852],[-87.71265400036259,41.76878499986354],[-87.7126289999274,41.766032999563095],[-87.71254042411924,41.76424237591285],[-87.71240299996731,41.76059299960782],[-87.71232300041427,41.75690700024433],[-87.7163019994055,41.756868999805846],[-87.7184620005451,41.75689300010085],[-87.72219100016673,41.75683800011305],[-87.72217531680988,41.75722327494875],[-87.72222099998609,41.76041499992462],[-87.72235486017783,41.76410025728471],[-87.72340600039335,41.764216999894835],[-87.72435200045389,41.76413200004365],[-87.72769800017204,41.764129000108674],[-87.7303219999306,41.76409699999287],[-87.73184099952107,41.764117000289204],[-87.73217600057195,41.76408500002296],[-87.7333000004099,41.76406399997522],[-87.73633999965882,41.76416199978453],[-87.74189562256831,41.76410496225387],[-87.74189609884691,41.76411883656175],[-87.74205453618535,41.77112872117038],[-87.73668526421987,41.77120937747179],[-87.72257606123947,41.77137395465697],[-87.72286269845594,41.782296183017564],[-87.7253048645182,41.78226708942792],[-87.72540468031079,41.78564429939604],[-87.72540667087023,41.785911628606655],[-87.72296146330665,41.7859365780575],[-87.72315895085606,41.79320439481521],[-87.73921070944183,41.793068103954944],[-87.74266238940095,41.793016170685874],[-87.7436177905949,41.793019570087715],[-87.76190308838396,41.79274298231727],[-87.77956085685595,41.792389695023296],[-87.77972412377054,41.79234746917836],[-87.78049797855037,41.792331628348876],[-87.78152199056761,41.792321266277014],[-87.78165100035797,41.7923569998088],[-87.78396012637788,41.7922997177297],[-87.79667243206535,41.79205867583743],[-87.80047289256026,41.79195023843371],[-87.80152796428041,41.79193918661201],[-87.80161537877646,41.79481415599703],[-87.80160561900055,41.795760149043666],[-87.80162605961712,41.797995168152156],[-87.79704149255599,41.79944809047039],[-87.79052431695223,41.799540148850845],[-87.78793890015723,41.79960691221583],[-87.78587530854257,41.79963702634192],[-87.78310866442567,41.799674549602926],[-87.78178697299019,41.79966928651075],[-87.77484528447363,41.79980770357602],[-87.77207728121724,41.79988998580111],[-87.76428075086575,41.800045294018375],[-87.762872739918,41.80006320186265],[-87.76222547873668,41.80005274065878],[-87.75273611971988,41.80018714302171],[-87.75278602118527,41.80201504487303],[-87.74300335306627,41.80214891485771],[-87.74295868665216,41.8003274763042],[-87.73323124294721,41.800436243707736],[-87.73311099112273,41.80047664822695],[-87.73242274814423,41.800484584552834],[-87.73194764569038,41.800471817170425],[-87.73194235950149,41.80038536714165],[-87.73072359916097,41.800571057459535],[-87.73072034306917,41.80042876722116],[-87.7295519678409,41.800445862276334],[-87.72943241531253,41.80047689932613],[-87.72209563858566,41.80056901519486],[-87.72208470520629,41.80015289595065],[-87.72081636417737,41.800168341090746],[-87.71600477673,41.80023905156922],[-87.71600646816252,41.80065417359416],[-87.71361429909003,41.8006877021906],[-87.71352699955332,41.79881100037802],[-87.71346699959527,41.795204999890274],[-87.71339855811327,41.79336187499309],[-87.71331500008154,41.789746000266305],[-87.71323599984294,41.78882200021947],[-87.71319900285997,41.787912112014375],[-87.71313400057616,41.78699599956465],[-87.7131200102946,41.786092505336214],[-87.71289672792616,41.78609662258802],[-87.71293707595926,41.78560838347723],[-87.71276615880089,41.77953691718925],[-87.71274502647894,41.77901371231528],[-87.712702719241,41.77861803042718],[-87.71269775590609,41.77771823186681],[-87.71263984127405,41.77517025386643],[-87.71032281231305,41.775206984447195],[-87.71023797212662,41.771558292098156]]]}},{"type":"Feature","properties":{"ward":24},"geometry":{"type":"Polygon","coordinates":[[[-87.69069599957375,41.856354000441364],[-87.69312960735923,41.85578193773204],[-87.69313004263205,41.856443855179194],[-87.69316926471787,41.85742778023132],[-87.69564802432492,41.85738803351264],[-87.6955687647034,41.85555168924539],[-87.69921275744514,41.85550510037994],[-87.69908861804603,41.85185278848496],[-87.6954456288835,41.85190201281455],[-87.69534461002898,41.848264122620954],[-87.69289349865696,41.84829660046227],[-87.6927911275346,41.84472193431147],[-87.69179719865947,41.84473684912912],[-87.69177045366054,41.84357495921651],[-87.69182834839089,41.843440841827835],[-87.69189216333001,41.84338266305311],[-87.69258317560156,41.84311881710455],[-87.69264141250508,41.843082587871976],[-87.69273386684134,41.84297519962717],[-87.69275044299887,41.84291014293803],[-87.69279051711719,41.84171817576288],[-87.6928672366925,41.841565335614824],[-87.69294583382207,41.841485587098965],[-87.69314509680954,41.841387382369305],[-87.69438002847816,41.84123081074085],[-87.69433058320017,41.84103267434597],[-87.6942666588463,41.840582231228524],[-87.69419775230092,41.8382170045494],[-87.6941741036006,41.83815957209275],[-87.69412413887297,41.83811688133807],[-87.69502951448673,41.83741160278715],[-87.6999245294291,41.837324424748],[-87.70030176549696,41.85001594843163],[-87.70756075995294,41.84992412792952],[-87.7076144349002,41.84994530390128],[-87.7076385973123,41.84998171500189],[-87.7076890117448,41.85173625984113],[-87.71038897158618,41.85170483079605],[-87.7106355374969,41.851691349064126],[-87.71088964595285,41.85164513597023],[-87.71113276879146,41.85190041222314],[-87.71114293830607,41.851991137597466],[-87.71242151306173,41.85170667146548],[-87.71256225229224,41.85169014378317],[-87.72349639845002,41.85156554320257],[-87.72349963753625,41.851680305081906],[-87.72417400024504,41.85165799968594],[-87.72825100017678,41.85161700025389],[-87.72915499940822,41.85158799983878],[-87.73124700039675,41.85157700005117],[-87.73450491770203,41.851517012382715],[-87.73503500000949,41.85152199968598],[-87.7375879998334,41.851479999985195],[-87.73807399944961,41.85144899992122],[-87.73837421850502,41.85136586975943],[-87.73950467489975,41.85134929519256],[-87.73977390626631,41.858744101301966],[-87.73998200185297,41.86595911405541],[-87.75453330597894,41.86575181556529],[-87.75455714265618,41.86607152935912],[-87.75456953920296,41.866891109183946],[-87.75472603127525,41.871044347917426],[-87.74959361453278,41.87111329145308],[-87.7467818930033,41.87112393835092],[-87.74635442465909,41.87115457547861],[-87.74492550518623,41.871184147709954],[-87.74493363470641,41.87220301945791],[-87.74494340971803,41.87245839534648],[-87.7449925112431,41.872957634528746],[-87.74506678031237,41.87500022291007],[-87.74497863949591,41.875022641013],[-87.7426337367476,41.875051997189765],[-87.74266486316566,41.875955730117056],[-87.74022400018686,41.875984999922245],[-87.74007801766739,41.87189910564455],[-87.73972117141054,41.871930667180514],[-87.73904402498296,41.87204442770943],[-87.73817074156197,41.8722763221518],[-87.73736783288719,41.872583768256334],[-87.73582551042699,41.87330556108048],[-87.73550350254158,41.87342765101501],[-87.73487016852746,41.87363615369723],[-87.73428730698768,41.87377899931584],[-87.73373400730854,41.87387786868517],[-87.73342481375987,41.87392071112602],[-87.73273261126724,41.873983997703874],[-87.73169582811148,41.87402242486231],[-87.73047552008435,41.8740148721523],[-87.72433180257899,41.87409263933348],[-87.72289483431095,41.87413034525668],[-87.72192058144087,41.87412156751929],[-87.70934770273078,41.874279300445664],[-87.70887428073955,41.874292864040775],[-87.70810567482191,41.87434142606825],[-87.706910383387,41.874482773062496],[-87.70594185443491,41.874624898267875],[-87.70591685108153,41.87368777758919],[-87.70346634959962,41.87371526366725],[-87.70323725231526,41.866550173449646],[-87.70319930107448,41.866430327520355],[-87.69590748853231,41.86651066624244],[-87.69569178468068,41.859221326870916],[-87.69076371683808,41.8592839869573],[-87.69071399939479,41.85790400036854],[-87.69075300018869,41.85643200026114],[-87.69069599957375,41.856354000441364]]]}},{"type":"Feature","properties":{"ward":25},"geometry":{"type":"Polygon","coordinates":[[[-87.63903695127976,41.861084255942906],[-87.63887826745518,41.85598354068244],[-87.63884152969166,41.85569830373837],[-87.63885786558724,41.85555651725264],[-87.63870709415097,41.854744215974975],[-87.63904440195769,41.85456783517565],[-87.63939398037661,41.854284971739034],[-87.63964786765965,41.85394971626432],[-87.63987238141651,41.85358684124807],[-87.64034168598928,41.852986212440214],[-87.64114753423819,41.85179303880861],[-87.64218185442033,41.85045469145463],[-87.6426400397358,41.850023827990675],[-87.64331567680432,41.849693007455066],[-87.64397335889304,41.84950774653637],[-87.64488928192449,41.84941759666057],[-87.6458503474133,41.849384301810474],[-87.64679998379592,41.849211633644046],[-87.64759270071183,41.84894350704228],[-87.64864374650489,41.84861489583582],[-87.64963716141988,41.84839633321798],[-87.6510029511182,41.84830593679522],[-87.65157843364392,41.848176058031754],[-87.65258344193819,41.84800488428771],[-87.65305318512038,41.847947156200775],[-87.65340893859972,41.847961365231335],[-87.65630055614837,41.848353724628026],[-87.65667297077906,41.84831961286706],[-87.65704618739815,41.84821286381402],[-87.6573543403755,41.84809110450714],[-87.65759477146086,41.84796620079472],[-87.65890137068219,41.84717049833878],[-87.66041765690629,41.84604140218958],[-87.6616382025257,41.8453463728598],[-87.66252443379375,41.84490964334209],[-87.66345070386403,41.84450343802743],[-87.66377767588224,41.84429156629356],[-87.66388768776778,41.844096020224896],[-87.66391878047983,41.844000621544815],[-87.66490679598131,41.84470808072636],[-87.66512332544545,41.84481793146655],[-87.66536431594226,41.84489776424994],[-87.66559780795019,41.844929308763085],[-87.6667343728858,41.84494194762792],[-87.6672184618993,41.84490252271411],[-87.66750324946457,41.84482220285811],[-87.66993145124528,41.84398289792573],[-87.67230485024078,41.84305999256882],[-87.67286339301046,41.842834252030194],[-87.67431796176176,41.842010079590786],[-87.67487691398476,41.84174270128828],[-87.67549020789673,41.84159015027585],[-87.67553682176614,41.84188887336367],[-87.67658868213138,41.84185579598403],[-87.67803412873828,41.84253019449528],[-87.6780573868638,41.84455614224094],[-87.67810121263396,41.84604109289905],[-87.67815149057674,41.8468256347195],[-87.67817241692667,41.84760916626338],[-87.6853936237211,41.84484971315466],[-87.68560112585463,41.84482094341934],[-87.68761500660575,41.84479432088425],[-87.68751200014259,41.844325000342856],[-87.6874650004303,41.84396400027541],[-87.68744199942066,41.8436399998425],[-87.6875879995985,41.84025900041041],[-87.68761700014333,41.837610000363355],[-87.68789900054595,41.83755400000792],[-87.68795000034183,41.83744899986797],[-87.68811900027839,41.83731199979216],[-87.68847100010025,41.83719099983249],[-87.6949638394878,41.83508587798938],[-87.69494694217072,41.8343819346452],[-87.69511500052262,41.83433000009899],[-87.69515900025972,41.83425899997231],[-87.69981299941817,41.83280299991991],[-87.70000399961393,41.832804000109874],[-87.7002610001472,41.83266099998652],[-87.70465932892746,41.8312529432191],[-87.7046856472903,41.832591395380014],[-87.70498445430648,41.84269655834318],[-87.70986220290668,41.842622591401046],[-87.70991620767873,41.84491257570378],[-87.71001867044983,41.84807700861817],[-87.70758644054963,41.84811012312626],[-87.7076144349002,41.84994530390128],[-87.7075202743965,41.849920504929685],[-87.70030176549696,41.85001594843163],[-87.6999245294291,41.837324424748],[-87.69502951448673,41.83741160278715],[-87.69412413887297,41.83811688133807],[-87.6941741036006,41.83815957209275],[-87.69419775230092,41.8382170045494],[-87.6942666588463,41.840582231228524],[-87.69433058320017,41.84103267434597],[-87.69438002847816,41.84123081074085],[-87.69314509680954,41.841387382369305],[-87.69294583382207,41.841485587098965],[-87.6928672366925,41.841565335614824],[-87.69279051711719,41.84171817576288],[-87.69275044299887,41.84291014293803],[-87.69273386684134,41.84297519962717],[-87.69264141250508,41.843082587871976],[-87.69258317560156,41.84311881710455],[-87.69189216333001,41.84338266305311],[-87.69182834839089,41.843440841827835],[-87.69177045366054,41.84357495921651],[-87.69179719865947,41.84473684912912],[-87.6927911275346,41.84472193431147],[-87.69289349865696,41.84829660046227],[-87.69534461002898,41.848264122620954],[-87.6954456288835,41.85190201281455],[-87.69908861804603,41.85185278848496],[-87.69921275744514,41.85550510037994],[-87.6955687647034,41.85555168924539],[-87.69564802432492,41.85738803351264],[-87.69316926471787,41.85742778023132],[-87.69313004263205,41.856443855179194],[-87.69312960735923,41.85578193773204],[-87.69069599957375,41.856354000441364],[-87.68817100020641,41.856915000089295],[-87.6881119994883,41.855161999761236],[-87.6880269802919,41.85385643163271],[-87.69059888558769,41.85382149279844],[-87.6904920134464,41.85014529344578],[-87.6855882396069,41.85021444820999],[-87.68577102745446,41.85711618696427],[-87.68578867585549,41.857238047337646],[-87.68101700015812,41.85828199955936],[-87.68033400038276,41.858418999719184],[-87.6784450005825,41.85870800018768],[-87.67849100043738,41.85894200005706],[-87.67604156067777,41.859286026269515],[-87.67359923644982,41.859517238695915],[-87.67134343127162,41.85953428037609],[-87.6698120382009,41.85956608566171],[-87.6659233372702,41.859611034296165],[-87.65957142924665,41.8597168229435],[-87.65720368663358,41.86250116074228],[-87.65655385299038,41.86251261654154],[-87.65643834832487,41.86246860229135],[-87.65164311609745,41.862543928732],[-87.65089276174439,41.862280899199014],[-87.64779169629429,41.86233207192392],[-87.64781885575331,41.86265998337477],[-87.64778634464494,41.862967238587736],[-87.64785730765841,41.863227000669006],[-87.64786386893897,41.863881177063014],[-87.64682285709455,41.8638659987927],[-87.64683289027069,41.86417268505615],[-87.64502079871936,41.86419633375885],[-87.64500978575134,41.86371566725894],[-87.64496450888242,41.863480598073025],[-87.64493443911361,41.8623712146366],[-87.64416749194376,41.862382110781354],[-87.64391500019715,41.86240800002695],[-87.64370900008156,41.86251099959877],[-87.64347100030822,41.86256199992982],[-87.64327200033868,41.86256900023437],[-87.64306700051785,41.86256899997731],[-87.64286700055656,41.86254299958674],[-87.64253300002919,41.86247899973555],[-87.6423340438242,41.86241102978688],[-87.63909389533399,41.86246819750254],[-87.63903695127976,41.861084255942906]]]}},{"type":"Feature","properties":{"ward":26},"geometry":{"type":"Polygon","coordinates":[[[-87.73649451154553,41.92253499856805],[-87.73632797617243,41.91704487156408],[-87.72900021029018,41.91713497737836],[-87.72905400649113,41.918966472777065],[-87.71380092776378,41.91914967380806],[-87.70703442704092,41.91922502533466],[-87.70696743833962,41.91740170014386],[-87.69771557225913,41.91748483964218],[-87.6976131110293,41.91400346910231],[-87.69709689921058,41.91400370806427],[-87.697093891231,41.9139065459921],[-87.69220339217611,41.91394989452164],[-87.69210455890806,41.91044627948518],[-87.6921154260538,41.910124002435175],[-87.69203932600269,41.90662145824078],[-87.6871234815282,41.906666504228546],[-87.68700585499103,41.90208695030803],[-87.68779138586909,41.902079613266714],[-87.68780465156826,41.9025164058436],[-87.69686827906501,41.902430556216714],[-87.69681481351338,41.90019944180781],[-87.69434883330004,41.9002193244422],[-87.6943274865171,41.89930287341241],[-87.69679072575961,41.89928313535124],[-87.69676322987372,41.89807300315527],[-87.70043471215767,41.89803615348331],[-87.70039460844652,41.89633717434884],[-87.7010289995701,41.89661700044749],[-87.70104384258319,41.8980320227492],[-87.70192911220221,41.89802224165454],[-87.70195112846811,41.89923835779242],[-87.70881273839227,41.89917070224351],[-87.71138384587644,41.90019587759357],[-87.71188391934615,41.900052972266806],[-87.71269013840715,41.90069147361398],[-87.71279949422775,41.90075194434145],[-87.71654534762887,41.90224099821462],[-87.7166228954561,41.90456189580631],[-87.71965946639911,41.90453271301299],[-87.71972341725689,41.90634090510424],[-87.72519467115717,41.906289800048256],[-87.72519214992701,41.9062125718912],[-87.72530487664045,41.906226646000455],[-87.72580300806514,41.906414244419224],[-87.72583295193664,41.90808041988947],[-87.72891228059765,41.90804101349216],[-87.72893150073331,41.90865272232508],[-87.73016016715626,41.90863379870018],[-87.7301813467066,41.909334406121296],[-87.7314050802022,41.90931705488719],[-87.73142119421183,41.90981726709734],[-87.7336553456515,41.90978924700775],[-87.73367003776413,41.91029362182284],[-87.73488987373041,41.9102769279874],[-87.73493159916714,41.91159573223697],[-87.73616219959204,41.91158042521957],[-87.73622447846114,41.91352200531149],[-87.73768300022046,41.91355000011092],[-87.73819199949904,41.91357399985081],[-87.73962899963392,41.91370699977625],[-87.74130099975183,41.91390599986835],[-87.74133500038057,41.91514199961868],[-87.7414219960211,41.91698492107304],[-87.7461106853248,41.91693271836651],[-87.74608324836707,41.91647367720789],[-87.74943121096274,41.916440558759426],[-87.7494509999861,41.91688880663675],[-87.75337512400458,41.916844235672194],[-87.75340400013833,41.916892999715664],[-87.75342800037006,41.9172970004072],[-87.75343099987107,41.9180450001677],[-87.75353376582163,41.91866266669841],[-87.7557313701927,41.91863521326133],[-87.75619240995215,41.91866508359772],[-87.75721632444873,41.91865143275728],[-87.75732113824671,41.92226562593705],[-87.75130593128624,41.92234650266374],[-87.75091672902616,41.92237043455578],[-87.74177955417574,41.922465968826536],[-87.74183614180356,41.92430046591752],[-87.74171899423,41.92430238962633],[-87.7416310121163,41.924303404719524],[-87.74157800051003,41.92253199990166],[-87.74025700015787,41.92253099964834],[-87.73894296447875,41.922506605213314],[-87.73649451154553,41.92253499856805]]]}},{"type":"Feature","properties":{"ward":27},"geometry":{"type":"Polygon","coordinates":[[[-87.63420286798137,41.896595808633776],[-87.6352103520653,41.8965807404756],[-87.63543785686517,41.89659112493932],[-87.63592252857396,41.89656942635747],[-87.64422160390669,41.89645465909492],[-87.64411665268307,41.89427430570024],[-87.64407483883426,41.89413912010304],[-87.6439769337803,41.89402168288156],[-87.643811288151,41.893919151803225],[-87.6437772210351,41.89388332714874],[-87.64355315330506,41.89353724991919],[-87.6432154400319,41.89337630209976],[-87.64294310904721,41.89321503331766],[-87.64271570795236,41.89303583916242],[-87.64245012779821,41.892868627054774],[-87.64213097243166,41.89259494463721],[-87.64192666189827,41.8923728598015],[-87.64157415835213,41.89204850654022],[-87.64126742842491,41.89162810800599],[-87.64117809876315,41.8914127532705],[-87.64270242515258,41.891268524817576],[-87.64312317522423,41.89125279741167],[-87.64286290633089,41.89093312593059],[-87.64281172552181,41.890766575093714],[-87.64281243598914,41.89070060972706],[-87.64295154283809,41.89024493640535],[-87.64291325458782,41.89015195418148],[-87.64287448597287,41.889049027086635],[-87.64534949298857,41.88902124057893],[-87.64578781624353,41.889074358570014],[-87.64826477489065,41.88904185624976],[-87.64755298671896,41.888198428421845],[-87.64750583970584,41.88679720764715],[-87.6464460026666,41.886800539265955],[-87.64644099944616,41.88657800028708],[-87.64621100022174,41.88581799983977],[-87.64615400033529,41.885427000406345],[-87.64607799983604,41.8841620000863],[-87.6460812698223,41.88393332156596],[-87.64604619963347,41.883155622022265],[-87.64856704469638,41.88312537961063],[-87.64853076662712,41.88176183994089],[-87.64969712380226,41.88173787057737],[-87.64973581493193,41.883104656506816],[-87.65439813463378,41.88302300841435],[-87.65441015082641,41.88342729628013],[-87.65557853597959,41.88340836883749],[-87.65556715123326,41.883001661992424],[-87.65670162835599,41.882983224347505],[-87.65672389955945,41.882725335985704],[-87.65671032221361,41.88230286121733],[-87.65877584046085,41.88226794900587],[-87.65875675954885,41.88158797436341],[-87.65961651150378,41.881573555132704],[-87.65956017529044,41.881475460214276],[-87.6595312398624,41.88029043015721],[-87.65709971761495,41.8803297478144],[-87.65705659420767,41.879057057242434],[-87.65461335960391,41.879098154872125],[-87.65457048287233,41.87783179582742],[-87.65945148663833,41.87775019522908],[-87.65941602777225,41.876479207415315],[-87.66428823856396,41.87639574323512],[-87.66441825598702,41.88148849410572],[-87.66608424260146,41.88146156105546],[-87.66671133045811,41.8809035602934],[-87.66761194607619,41.880154276312595],[-87.6692278696895,41.87885627739232],[-87.66915035859246,41.87631730705785],[-87.66666479789765,41.87635101028077],[-87.6665653513829,41.872631784577585],[-87.66638355112035,41.86686149022962],[-87.66890300832264,41.86685865070806],[-87.68358955010775,41.86664694158128],[-87.6833472368002,41.86697411749437],[-87.68319457260601,41.86710373204955],[-87.67405043452844,41.87474386860587],[-87.6740670566896,41.87505774135013],[-87.67648715344914,41.87502143892707],[-87.67645645405345,41.874042504936725],[-87.68134463464231,41.87396538392194],[-87.68137099927229,41.87493877751964],[-87.68625810839207,41.87499489910682],[-87.68624612525889,41.87554273668036],[-87.68626949820846,41.87608361929665],[-87.6913709979838,41.87603492653822],[-87.69143298979655,41.87839670375121],[-87.69378519752088,41.87837003840896],[-87.69381431134812,41.87822111921765],[-87.69379894670276,41.877600394593166],[-87.69375801123513,41.87729769489925],[-87.69371398277828,41.8760081470434],[-87.69545519472643,41.87597782038239],[-87.69615302584079,41.875980951497844],[-87.69610096268488,41.87379364689315],[-87.70101302015512,41.87374726372315],[-87.70103743652142,41.87514060194147],[-87.70108920147982,41.876095117645],[-87.70107727804512,41.876336216821535],[-87.70120775323161,41.881025585068],[-87.7036608332954,41.881000954603735],[-87.70368642209819,41.88191733298907],[-87.70614805663429,41.88188164284769],[-87.70639766042201,41.89030733877608],[-87.71127928622931,41.89025492129346],[-87.71121871000231,41.8881130051931],[-87.7160999997527,41.88805500026028],[-87.72098199147487,41.88801799998679],[-87.72103523978707,41.88990431784468],[-87.72225915938581,41.889899040869416],[-87.72240612515846,41.89526220357192],[-87.72266044818508,41.90315799732952],[-87.72144556033415,41.90317410971947],[-87.72143082990358,41.90271283275559],[-87.72021524141144,41.90272291504445],[-87.7201987971438,41.90224935262908],[-87.71898100523215,41.902261505186615],[-87.71893652244506,41.90090970558301],[-87.7152775346347,41.9009397338674],[-87.71521406812852,41.899117686874845],[-87.710209557882,41.89915566486252],[-87.70894216599731,41.89829412108122],[-87.70773600037168,41.89753300011478],[-87.70660109012697,41.896857026780445],[-87.7066463806658,41.89831067712325],[-87.68738913445186,41.89062880228764],[-87.68453905747648,41.89069717202047],[-87.66779477644243,41.89097404576379],[-87.66551597755496,41.890999315612305],[-87.66548299748156,41.88990506096028],[-87.66364523517332,41.889940260415344],[-87.66223313430429,41.88994345110669],[-87.66221137843841,41.889004995445326],[-87.6621429999461,41.888945999904024],[-87.6619413380641,41.88888739289702],[-87.660844909795,41.888904386216026],[-87.66067605004592,41.88886122803124],[-87.66083534893458,41.889057276323044],[-87.66085034971478,41.88915072038392],[-87.66087837405433,41.889950299579844],[-87.65993220733006,41.889960500265815],[-87.65989065797464,41.89003077569998],[-87.65829193153837,41.89194277694987],[-87.6574303100526,41.89291964285785],[-87.65744375456127,41.893497701757724],[-87.66557821063559,41.89336866541385],[-87.66565835575273,41.89609847891598],[-87.66490533405934,41.89611086066298],[-87.66494976647841,41.8976899069521],[-87.66494738620175,41.89786536003996],[-87.66489740851267,41.89799089231508],[-87.66490904161708,41.89839346256579],[-87.66246596018533,41.89843628726138],[-87.66252990087084,41.90082331103065],[-87.66648515065995,41.90335838481548],[-87.66428831738087,41.90337968492114],[-87.66129153275018,41.90343908502684],[-87.66127348641103,41.90369281512952],[-87.66115071199397,41.90468474087375],[-87.66113638310388,41.904968657556424],[-87.66120631725965,41.90562441690336],[-87.6612913315684,41.905994946703004],[-87.66140197854081,41.906282284920735],[-87.66154034349118,41.906564460590545],[-87.66177995508029,41.9069552686722],[-87.6620828769761,41.90733804889906],[-87.66244976372043,41.907720488971414],[-87.66400322799952,41.9091187389468],[-87.66428330401551,41.909408351015706],[-87.66454542592565,41.909718164912015],[-87.66475219931792,41.90999165148979],[-87.6651918515206,41.910664714450284],[-87.66133318884583,41.91071872772629],[-87.6598646692964,41.9107546907996],[-87.6558209657459,41.910794020173306],[-87.65110572389631,41.910873785874124],[-87.6510393844657,41.9085342020586],[-87.64821145595963,41.9085769482765],[-87.64825097201233,41.91000318067971],[-87.64774996202785,41.90964394996024],[-87.6472546646876,41.9100279561583],[-87.64702195429558,41.91014220737372],[-87.6468999994376,41.91013599985116],[-87.64615299982503,41.91023200038054],[-87.6462499600076,41.91094966669711],[-87.64707600658966,41.91093723091418],[-87.64707201101669,41.91140364406157],[-87.64586286604518,41.911422070813785],[-87.64584458796932,41.91095561080097],[-87.64535599395008,41.91096277182518],[-87.6453470003782,41.91073800039524],[-87.64545299957913,41.91023200017569],[-87.6442529998728,41.910231999803415],[-87.6440800000997,41.91042699975357],[-87.64341287311534,41.91042675496532],[-87.64337780838913,41.90917671037965],[-87.64216659051709,41.90919345080691],[-87.64206109212112,41.905760319299546],[-87.64211410481855,41.90559602717159],[-87.64110846432105,41.9048729402058],[-87.64085734166746,41.90506333106681],[-87.64083999451572,41.90508355605712],[-87.64083673764348,41.90512753137012],[-87.64095621944712,41.90920984953693],[-87.63853410171038,41.90924185041156],[-87.63859435840905,41.91117248922246],[-87.63803933006011,41.91117919642982],[-87.63805521492095,41.91172300083141],[-87.63668357138921,41.91174973554886],[-87.636662420764,41.911142236292086],[-87.6376238027319,41.911128698900335],[-87.63760197021905,41.9103416560378],[-87.63749099969407,41.91026899996693],[-87.63742399955177,41.91019199965933],[-87.63730900054297,41.9099459998367],[-87.63727799970611,41.909809999850246],[-87.6371800178763,41.90805747524865],[-87.63718499052243,41.90762175076591],[-87.63848350620049,41.90760068700385],[-87.63842053837507,41.90566224714057],[-87.63712000771727,41.90568624484066],[-87.63709699969047,41.90490500030055],[-87.63701551966973,41.90381126782578],[-87.63144510729276,41.90390085877101],[-87.63142394429626,41.90313510552807],[-87.63298299949415,41.90311200022073],[-87.63292999979679,41.90133400025861],[-87.63438160655711,41.90132459704428],[-87.63426200685551,41.898204114327044],[-87.6372316188717,41.898162608616644],[-87.6372617025369,41.898943508880436],[-87.6387689341271,41.89892287286013],[-87.63869147938242,41.897034206039564],[-87.63813111276637,41.89704107787091],[-87.63803745241566,41.89697986044444],[-87.63718519691483,41.89697952730213],[-87.63719990063291,41.897382252940126],[-87.63423344803131,41.8974190341451],[-87.63420286798137,41.896595808633776]]]}},{"type":"Feature","properties":{"ward":28},"geometry":{"type":"Polygon","coordinates":[[[-87.72098199147487,41.88801799998679],[-87.7160999997527,41.88805500026028],[-87.71121871000231,41.8881130051931],[-87.71127928622931,41.89025492129346],[-87.70639766042201,41.89030733877608],[-87.70614805663429,41.88188164284769],[-87.70368642209819,41.88191733298907],[-87.7036608332954,41.881000954603735],[-87.70120775323161,41.881025585068],[-87.70107727804512,41.876336216821535],[-87.70108920147982,41.876095117645],[-87.70103743652142,41.87514060194147],[-87.70101302015512,41.87374726372315],[-87.69610096268488,41.87379364689315],[-87.69615302584079,41.875980951497844],[-87.69545519472643,41.87597782038239],[-87.69371398277828,41.8760081470434],[-87.69375801123513,41.87729769489925],[-87.69379894670276,41.877600394593166],[-87.69381431134812,41.87822111921765],[-87.69378519752088,41.87837003840896],[-87.69143298979655,41.87839670375121],[-87.6913709979838,41.87603492653822],[-87.68626949820846,41.87608361929665],[-87.68624612525889,41.87554273668036],[-87.68625810839207,41.87499489910682],[-87.68137099927229,41.87493877751964],[-87.68134463464231,41.87396538392194],[-87.67645645405345,41.874042504936725],[-87.67648715344914,41.87502143892707],[-87.6740670566896,41.87505774135013],[-87.67405043452844,41.87474386860587],[-87.68319457260601,41.86710373204955],[-87.6833472368002,41.86697411749437],[-87.68358955010775,41.86664694158128],[-87.66890300832264,41.86685865070806],[-87.66638355112035,41.86686149022962],[-87.6665653513829,41.872631784577585],[-87.66662640142492,41.87517718012915],[-87.66182055390334,41.87526046008156],[-87.66177573849005,41.8737605588407],[-87.66185641289887,41.87377044004039],[-87.66421524783794,41.87373322226493],[-87.66414972476039,41.87166240268214],[-87.6623255303617,41.871693456341504],[-87.66194713708137,41.871713973987625],[-87.66171361144451,41.871752006619175],[-87.6617244261493,41.872110004547864],[-87.661202886247,41.87211855789154],[-87.66102644760021,41.87216931282176],[-87.66090605393097,41.872179969379204],[-87.65681905529124,41.87225453426661],[-87.6568326064744,41.871705906844824],[-87.65668122586996,41.86699661577673],[-87.65331682903133,41.867051776778965],[-87.65130359563977,41.86941608767296],[-87.65131447306482,41.86949798619834],[-87.65068500920962,41.8695391815113],[-87.64696116017763,41.869600136373336],[-87.64701489724055,41.87174522658494],[-87.6471266376389,41.874339325338696],[-87.64653153250607,41.874322848918794],[-87.64095562227708,41.874389538530046],[-87.6410269476699,41.876752158901354],[-87.63713800126999,41.87680212673826],[-87.63711899958433,41.876723999693624],[-87.63705000016273,41.876608000087195],[-87.63652200018036,41.875838999866964],[-87.63638797632548,41.87569624509894],[-87.63680782888297,41.87568977179483],[-87.63670333746224,41.87556117970341],[-87.63626499406287,41.87556699298479],[-87.63598100041376,41.87526499964192],[-87.63585600025874,41.87510300022153],[-87.63562399994638,41.87469100021726],[-87.63508700017186,41.87196399987488],[-87.63460600008787,41.871973999693125],[-87.63458199981265,41.87156200043287],[-87.63472600013745,41.8714870001911],[-87.63487899945669,41.87136199999384],[-87.63496200035364,41.87122399977075],[-87.63498999956363,41.87108899990772],[-87.63495699960721,41.87085299969436],[-87.63482299963631,41.87054799972472],[-87.63473500057523,41.87017299962191],[-87.63454500039124,41.86980200028694],[-87.63456400023136,41.86965000039814],[-87.63457300015996,41.869223999760514],[-87.63437799944096,41.86737099990213],[-87.63531900052271,41.86736100036472],[-87.63530108171162,41.86724899329171],[-87.63509600028607,41.86725799971787],[-87.63488332996657,41.86010520357957],[-87.63779881768426,41.86001255460844],[-87.63901366686315,41.860018027331854],[-87.63903695127976,41.861084255942906],[-87.63909389533399,41.86246819750254],[-87.6423340438242,41.86241102978688],[-87.64253300002919,41.86247899973555],[-87.64286700055656,41.86254299958674],[-87.64306700051785,41.86256899997731],[-87.64327200033868,41.86256900023437],[-87.64347100030822,41.86256199992982],[-87.64370900008156,41.86251099959877],[-87.64391500019715,41.86240800002695],[-87.64416749194376,41.862382110781354],[-87.64493443911361,41.8623712146366],[-87.64496450888242,41.863480598073025],[-87.64500978575134,41.86371566725894],[-87.64502079871936,41.86419633375885],[-87.64683289027069,41.86417268505615],[-87.64682285709455,41.8638659987927],[-87.64786386893897,41.863881177063014],[-87.64785730765841,41.863227000669006],[-87.64778634464494,41.862967238587736],[-87.64781885575331,41.86265998337477],[-87.64779169629429,41.86233207192392],[-87.65089276174439,41.862280899199014],[-87.65164311609745,41.862543928732],[-87.65643834832487,41.86246860229135],[-87.65655385299038,41.86251261654154],[-87.65720368663358,41.86250116074228],[-87.65957142924665,41.8597168229435],[-87.6659233372702,41.859611034296165],[-87.6698120382009,41.85956608566171],[-87.67134343127162,41.85953428037609],[-87.67359923644982,41.859517238695915],[-87.67604156067777,41.859286026269515],[-87.67849100043738,41.85894200005706],[-87.6784450005825,41.85870800018768],[-87.68033400038276,41.858418999719184],[-87.68101700015812,41.85828199955936],[-87.68578867585549,41.857238047337646],[-87.68577102745446,41.85711618696427],[-87.6855882396069,41.85021444820999],[-87.6904920134464,41.85014529344578],[-87.69059888558769,41.85382149279844],[-87.6880269802919,41.85385643163271],[-87.6881119994883,41.855161999761236],[-87.68817100020641,41.856915000089295],[-87.69069599957375,41.856354000441364],[-87.69075300018869,41.85643200026114],[-87.69071399939479,41.85790400036854],[-87.69076371683808,41.8592839869573],[-87.69569178468068,41.859221326870916],[-87.69590748853231,41.86651066624244],[-87.70319930107448,41.866430327520355],[-87.70323725231526,41.866550173449646],[-87.70346634959962,41.87371526366725],[-87.70591685108153,41.87368777758919],[-87.70594185443491,41.874624898267875],[-87.706910383387,41.874482773062496],[-87.70810567482191,41.87434142606825],[-87.70887428073955,41.874292864040775],[-87.70934770273078,41.874279300445664],[-87.72192058144087,41.87412156751929],[-87.72289483431095,41.87413034525668],[-87.72433180257899,41.87409263933348],[-87.73047552008435,41.8740148721523],[-87.73169582811148,41.87402242486231],[-87.73273261126724,41.873983997703874],[-87.73342481375987,41.87392071112602],[-87.73373400730854,41.87387786868517],[-87.73428730698768,41.87377899931584],[-87.73487016852746,41.87363615369723],[-87.73550350254158,41.87342765101501],[-87.73582551042699,41.87330556108048],[-87.73736783288719,41.872583768256334],[-87.73817074156197,41.8722763221518],[-87.73904402498296,41.87204442770943],[-87.73972117141054,41.871930667180514],[-87.74007801766739,41.87189910564455],[-87.74022400018686,41.875984999922245],[-87.74266486316566,41.875955730117056],[-87.7426337367476,41.875051997189765],[-87.74497863949591,41.875022641013],[-87.74516795815607,41.87497448891829],[-87.74568563311574,41.87496792038119],[-87.74571241455044,41.875772422388714],[-87.74575337574672,41.8759623424048],[-87.745768669573,41.87677403324929],[-87.74928206223636,41.87673145724509],[-87.749248129225,41.87582774425179],[-87.75338358797939,41.87577392533949],[-87.75334881583815,41.87486873253504],[-87.7548593583159,41.87484754916142],[-87.75525516465292,41.88549919293277],[-87.75528994797585,41.886765590818975],[-87.75532291181625,41.88702401796939],[-87.75531592854418,41.88731377580653],[-87.75533703895022,41.88780879986382],[-87.7506504970708,41.88786983746836],[-87.74800179231329,41.88788529279845],[-87.74796000040797,41.88775699989926],[-87.74554641624351,41.88778100936635],[-87.74580721028164,41.89500415370972],[-87.74239305323543,41.89506520342629],[-87.74150483332274,41.89509452612465],[-87.74052489443457,41.895101879189845],[-87.74038199943948,41.89495500001507],[-87.74004899989785,41.89468400002307],[-87.73905200011693,41.894144000343026],[-87.73758000040793,41.89339100031706],[-87.73702300019407,41.89316100024256],[-87.73607000015441,41.89288500012586],[-87.7349389995241,41.89246899990367],[-87.73436499969156,41.89232300004786],[-87.7323969996011,41.89194299984005],[-87.73146899989918,41.89182999997471],[-87.72989900044837,41.89169500002195],[-87.72910200015127,41.89165099977068],[-87.72852299985269,41.89157499990479],[-87.72826900032358,41.89148900015714],[-87.72792399960947,41.891265999689885],[-87.72760799954406,41.89091599964906],[-87.7273669996597,41.89051200042252],[-87.7271339994017,41.88970699960037],[-87.72685199984205,41.889276999721716],[-87.72672500044364,41.889053000282566],[-87.72647999974662,41.88876800031991],[-87.7261369999157,41.88850500012904],[-87.72587808220499,41.88833423346987],[-87.72580483774625,41.885466824632225],[-87.72463061114165,41.885413891535485],[-87.72092041624094,41.88520404153363],[-87.72092486622994,41.885986948067604],[-87.72098199147487,41.88801799998679]]]}},{"type":"Feature","properties":{"ward":29},"geometry":{"type":"Polygon","coordinates":[[[-87.80128857718543,41.939897721785684],[-87.80082523016401,41.92644810272652],[-87.80067630773168,41.921557995632995],[-87.79951500009939,41.92115800014386],[-87.79882600054628,41.9209000004129],[-87.79881028468085,41.92115372779877],[-87.7987720900142,41.921136679474245],[-87.79870786944502,41.921135639502964],[-87.7923345075193,41.921195172724225],[-87.79240830252932,41.92362120340618],[-87.78857268269986,41.92365205014853],[-87.7880849788962,41.92334929386224],[-87.7878833540048,41.923263195921876],[-87.78769116208082,41.91704274047574],[-87.78767116048965,41.91701410562691],[-87.78761460573462,41.916989193720475],[-87.78694893433261,41.916822855462655],[-87.78632122303297,41.91671654683126],[-87.78584196787837,41.91666407072538],[-87.78523159745389,41.91663810661866],[-87.78527737933955,41.91822755948297],[-87.78040068995143,41.91829183754224],[-87.78038919716994,41.91792078920481],[-87.78037338810641,41.917879384889865],[-87.78032529987155,41.917852836443416],[-87.7802592954718,41.9178460424169],[-87.76952943349903,41.9179907305973],[-87.76924400048414,41.91804399991447],[-87.76820069926335,41.918052228183996],[-87.76816012598574,41.91685593500384],[-87.76694025077674,41.916868694541165],[-87.76701827370819,41.918979930553235],[-87.76580600279783,41.91876292699153],[-87.76572800002943,41.91602299996235],[-87.76574903953441,41.91499817508695],[-87.7657389995179,41.91451700035599],[-87.76563596709923,41.91285297385735],[-87.76553282732011,41.91016374373189],[-87.76554928521092,41.90994008743668],[-87.76566626527524,41.90953298267841],[-87.76583507965547,41.90908878341098],[-87.76588838685461,41.90885628143655],[-87.76588548896719,41.90861529510941],[-87.76538780599198,41.89463386441829],[-87.76512658236626,41.88796240943705],[-87.7650538628469,41.88558822065352],[-87.7649259008239,41.88224415332257],[-87.76160877394543,41.88228729167737],[-87.76154308741327,41.8802898405986],[-87.7550668918403,41.88037184688698],[-87.7548593583159,41.87484754916142],[-87.75334881583815,41.87486873253504],[-87.75338358797939,41.87577392533949],[-87.749248129225,41.87582774425179],[-87.74928206223636,41.87673145724509],[-87.745768669573,41.87677403324929],[-87.74575337574672,41.8759623424048],[-87.74571241455044,41.875772422388714],[-87.74568563311574,41.87496792038119],[-87.74516795815607,41.87497448891829],[-87.74506678031237,41.87500022291007],[-87.7449925112431,41.872957634528746],[-87.74494340971803,41.87245839534648],[-87.74493363470641,41.87220301945791],[-87.74492550518623,41.871184147709954],[-87.74635442465909,41.87115457547861],[-87.7467818930033,41.87112393835092],[-87.74959361453278,41.87111329145308],[-87.75472603127525,41.871044347917426],[-87.75456953920296,41.866891109183946],[-87.75455714265618,41.86607152935912],[-87.75453330597894,41.86575181556529],[-87.77413883390392,41.8654591466394],[-87.77426963458635,41.86925435547887],[-87.77428584562934,41.870023128046455],[-87.77427581945261,41.87056718273134],[-87.77434296578016,41.871364277596015],[-87.77441899060943,41.87299693054208],[-87.77523595591828,41.89776903924147],[-87.77559929306656,41.90925356355053],[-87.78661393289299,41.90913231941359],[-87.80256614696323,41.90893189048601],[-87.80574540124111,41.90883936075507],[-87.80588568466767,41.912372709059454],[-87.80623238542331,41.92346420425834],[-87.8066235648622,41.934511184131566],[-87.8163903895838,41.93431253639864],[-87.81657789181516,41.93961867075861],[-87.80701393333021,41.939808781157595],[-87.80128857718543,41.939897721785684]]]}},{"type":"Feature","properties":{"ward":30},"geometry":{"type":"Polygon","coordinates":[[[-87.73247349078778,41.95359677328639],[-87.73241993345576,41.95178458654003],[-87.72913746332935,41.951832574878246],[-87.72801012891443,41.95119450247221],[-87.72753183022151,41.950905524026474],[-87.72758816945343,41.95272195668374],[-87.72508140468369,41.95275823703997],[-87.72505800515874,41.95192236188834],[-87.72508443266733,41.95186864319342],[-87.7186536999321,41.95195773679748],[-87.71776047176702,41.9519582171508],[-87.71763939507271,41.94740414954815],[-87.71755901917585,41.9465042970047],[-87.71756030540814,41.946126759655215],[-87.71753200009256,41.945457999760485],[-87.71754492096191,41.945413263140246],[-87.71749602663904,41.944671808854984],[-87.71752000022698,41.944408999953055],[-87.7175260754387,41.943446325325596],[-87.7173991718387,41.9392162142795],[-87.7314190484358,41.939040554758094],[-87.74687318536569,41.93882554897221],[-87.7470649800689,41.94612427623841],[-87.75937579811448,41.945970720928514],[-87.75923289102202,41.94140737733157],[-87.7616872638161,41.94137671803605],[-87.76162613061753,41.93954989083853],[-87.75672174832518,41.93961267459979],[-87.75665952513323,41.9377887118658],[-87.75420813623337,41.93782040883066],[-87.75417249876219,41.93690872476008],[-87.76153036041588,41.936813112028005],[-87.76159587222384,41.938637531937886],[-87.76892961059868,41.938543785744315],[-87.76873796104545,41.93306748708077],[-87.76752382315695,41.93308591941925],[-87.76746175234385,41.93126002874629],[-87.76624637592506,41.93127728638839],[-87.76611878229687,41.927627688972564],[-87.76131141653077,41.927687190477954],[-87.76120015620366,41.927701292704974],[-87.76113232395285,41.92587504250349],[-87.76605481079936,41.92580448208509],[-87.76599057860852,41.92398110944182],[-87.78544267591009,41.9236779753636],[-87.78558345756913,41.927338504872765],[-87.77948875204851,41.92742903684245],[-87.77961165910367,41.93108670715197],[-87.7856891840261,41.931001679163046],[-87.78590573428939,41.93753484489099],[-87.78592256609681,41.93786596097532],[-87.7860306822723,41.93831747183911],[-87.7854463072127,41.93832532854995],[-87.7854616151934,41.93882124985707],[-87.78560065456789,41.94200419930005],[-87.7862102501398,41.941993650289504],[-87.78635038501568,41.945215793850956],[-87.78634644151121,41.945505015195934],[-87.7863070024709,41.94566340837383],[-87.76675600762302,41.94587668797493],[-87.76699971340643,41.95318458398185],[-87.75961053825338,41.95327156588238],[-87.75956514691474,41.95187280086209],[-87.75710420290716,41.95190193803259],[-87.75709043789905,41.95145225050201],[-87.75218279296666,41.95151240535075],[-87.75211651853422,41.94925349388987],[-87.74974425514185,41.94928495526723],[-87.74976043385381,41.949738164645304],[-87.74888686368922,41.949749885654995],[-87.74657888686117,41.94977961189067],[-87.74656607005724,41.94932090024253],[-87.74266055519298,41.94937688814737],[-87.74267113710196,41.94983819065341],[-87.74243000044412,41.9498379996349],[-87.74252499994957,41.95300699989546],[-87.74255699964118,41.953103000316595],[-87.74252600042519,41.95347396451975],[-87.73247349078778,41.95359677328639]]]}},{"type":"Feature","properties":{"ward":31},"geometry":{"type":"Polygon","coordinates":[[[-87.72391930217597,41.939132888264034],[-87.71966124523279,41.93654438153278],[-87.72200623387667,41.93437592021345],[-87.72208489671094,41.9343091876171],[-87.72214934814914,41.93427706017614],[-87.72208764929411,41.93185122391239],[-87.72697870475997,41.93179036167611],[-87.72676858350643,41.924483955801236],[-87.72922104693399,41.924458043707425],[-87.72920427822875,41.923949572950306],[-87.73165107667289,41.92392369705767],[-87.73161129561348,41.92259385847226],[-87.73894296447875,41.922506605213314],[-87.74025700015787,41.92253099964834],[-87.74157800051003,41.92253199990166],[-87.7416310121163,41.924303404719524],[-87.74171899423,41.92430238962633],[-87.74183614180356,41.92430046591752],[-87.74177955417574,41.922465968826536],[-87.75091672902616,41.92237043455578],[-87.75130593128624,41.92234650266374],[-87.75855040408798,41.92224872474338],[-87.75860675277136,41.924074979465274],[-87.76599057860852,41.92398110944182],[-87.76605481079936,41.92580448208509],[-87.76113232395285,41.92587504250349],[-87.76120015620366,41.927701292704974],[-87.76131141653077,41.927687190477954],[-87.76611878229687,41.927627688972564],[-87.76624637592506,41.93127728638839],[-87.76746175234385,41.93126002874629],[-87.76752382315695,41.93308591941925],[-87.76873796104545,41.93306748708077],[-87.76892961059868,41.938543785744315],[-87.76159587222384,41.938637531937886],[-87.76153036041588,41.936813112028005],[-87.75417249876219,41.93690872476008],[-87.75420813623337,41.93782040883066],[-87.75665952513323,41.9377887118658],[-87.75672174832518,41.93961267459979],[-87.76162613061753,41.93954989083853],[-87.7616872638161,41.94137671803605],[-87.75923289102202,41.94140737733157],[-87.75937579811448,41.945970720928514],[-87.7470649800689,41.94612427623841],[-87.74687318536569,41.93882554897221],[-87.72391930217597,41.939132888264034]]]}},{"type":"Feature","properties":{"ward":32},"geometry":{"type":"Polygon","coordinates":[[[-87.68096912508611,41.94636477041803],[-87.67975151282745,41.94637664801217],[-87.6797149622082,41.9450254110305],[-87.67608032411114,41.94506250368338],[-87.67603112680123,41.94324697211859],[-87.66453953478332,41.943408264267696],[-87.66447403524023,41.941490698993626],[-87.66444777780144,41.94021179866598],[-87.66383290094625,41.940219266457994],[-87.66382092616092,41.939764881110875],[-87.6589685850161,41.93983803819245],[-87.65858755718033,41.92914659712674],[-87.65853433496235,41.927993354249445],[-87.6584533871608,41.92529161345386],[-87.6681458152771,41.92515157985834],[-87.66811150695132,41.92427774266858],[-87.66318501725333,41.92074098962776],[-87.66316438177428,41.92058391022827],[-87.66314217741734,41.919450294143395],[-87.66313313504816,41.91940720535432],[-87.6630368755731,41.91929188587268],[-87.66033056754948,41.91731382389503],[-87.66021686339269,41.91721115482147],[-87.66013687020066,41.91709549967142],[-87.65910240293373,41.91711801754932],[-87.65778112869086,41.91616546409581],[-87.654387584081,41.91305218922876],[-87.65489294003696,41.91276564890761],[-87.65547934534241,41.91249852789532],[-87.65407963188241,41.910824100972725],[-87.6598646692964,41.9107546907996],[-87.66162644991377,41.91071388554658],[-87.67645426719088,41.910502959864154],[-87.67758604860663,41.910472744507835],[-87.68722069732127,41.91032086695694],[-87.68741562602493,41.91779451519217],[-87.68776699942593,41.928627000064274],[-87.68788402203377,41.93152406688129],[-87.68788269166514,41.93217912676441],[-87.68791721089217,41.932577238476334],[-87.68804019909348,41.93902843868761],[-87.68825771828546,41.94673081030085],[-87.6809812787037,41.946831483780784],[-87.68096912508611,41.94636477041803]]]}},{"type":"Feature","properties":{"ward":33},"geometry":{"type":"Polygon","coordinates":[[[-87.7035694070606,41.97195297465476],[-87.70321880200237,41.97124093271428],[-87.70309078273351,41.971051813007094],[-87.70300842875601,41.97088961789637],[-87.7026478813371,41.97034047074234],[-87.70223987777396,41.96985716902253],[-87.70202110002339,41.96962443783197],[-87.70188281308472,41.96954480947258],[-87.70154489636646,41.96919671302067],[-87.70145263668458,41.969062590283706],[-87.70143941578698,41.96894182764603],[-87.70107611828385,41.96851476366057],[-87.7036051149541,41.9684943261041],[-87.70358004013694,41.96835732878013],[-87.7034656964888,41.964738572379794],[-87.69963419628174,41.96476723316137],[-87.6994308542349,41.96458423339043],[-87.69845819715657,41.963618072021575],[-87.69851643683864,41.963547029510636],[-87.69853049661069,41.96347896856891],[-87.69848058837593,41.961739358823785],[-87.69850680838906,41.96136480934641],[-87.69848305266216,41.96124916305611],[-87.69474577287771,41.96127342640698],[-87.69471257957579,41.961155047469475],[-87.69467327266477,41.960562573400125],[-87.69468119507856,41.96035084743853],[-87.6946647352246,41.96005517688365],[-87.69458552528404,41.959640635156454],[-87.69459767630309,41.959392132631145],[-87.6945800339984,41.959203808914836],[-87.69445636766753,41.95861703965473],[-87.69440179409625,41.958073547343346],[-87.6943425800675,41.95785121091887],[-87.69433995708171,41.95767946384808],[-87.69437559829134,41.957423956888405],[-87.69437611325644,41.95705966565176],[-87.69426710488615,41.957030244769605],[-87.69427449508653,41.95684977159356],[-87.69436657953626,41.95682528467042],[-87.69437029970786,41.956544878757285],[-87.69439203726245,41.956376590341414],[-87.69439259927202,41.955880295631886],[-87.69443012970332,41.955516539812926],[-87.69444848343946,41.95539414035117],[-87.69446548439483,41.95537046984582],[-87.69447313108692,41.955053968068015],[-87.69444473816168,41.9550219491915],[-87.6944376158634,41.95493993990825],[-87.69444273559813,41.954659318407415],[-87.69448370608639,41.9544773303815],[-87.69454306469473,41.95399222334505],[-87.69946343071162,41.95396750119618],[-87.6993580267106,41.9503215914194],[-87.7054735479941,41.950292279961666],[-87.70536891021251,41.946645820727355],[-87.7019665988906,41.94664768815723],[-87.6980314121178,41.94668258096985],[-87.69782343453083,41.93939274028747],[-87.70769774565987,41.9393309922218],[-87.70770855107541,41.939568137514186],[-87.70764726073087,41.93976187474063],[-87.70762483136004,41.93993568147212],[-87.70765157099285,41.94029101110638],[-87.70780352973412,41.945917883229214],[-87.7127911415833,41.949330379733155],[-87.7128045263789,41.95050427505608],[-87.7129049557886,41.95385680530657],[-87.71781330382527,41.953786456456065],[-87.71786681192457,41.955607988625154],[-87.72154017638434,41.9555599981071],[-87.72159483013935,41.95738013331059],[-87.72281966029286,41.95736498933402],[-87.72287456652919,41.95918748091534],[-87.72410511036445,41.95917217358727],[-87.72415824673602,41.960991797896526],[-87.72782816980269,41.96094683673745],[-87.72792824861303,41.96459405714022],[-87.72731908791235,41.96460085129548],[-87.7273928898453,41.967793808963194],[-87.7280140485735,41.967784712556856],[-87.7280418019658,41.968698564573565],[-87.726646762035,41.968728000931094],[-87.72561621488218,41.96872938292842],[-87.72561527730566,41.96869386270749],[-87.72441618732641,41.96870414349877],[-87.72445404906762,41.97010305303459],[-87.7207468177692,41.97014367664139],[-87.72079740125831,41.971965467717936],[-87.71644299954046,41.97201200029795],[-87.71652100035178,41.97213000041839],[-87.71604799958475,41.97191100038816],[-87.71582000020281,41.97186699965016],[-87.71492699955887,41.97179599979999],[-87.71398000016376,41.97185899999352],[-87.71364499985421,41.971898999817185],[-87.71346334619932,41.97194700776624],[-87.71346196562575,41.97188433119683],[-87.71332409356039,41.97193809702425],[-87.71298706871912,41.97200586900708],[-87.7128074274701,41.97202495835991],[-87.71102100999126,41.972053083439135],[-87.71106452194029,41.97356427066127],[-87.71104289931714,41.97365866443147],[-87.71091190350465,41.97378366610569],[-87.71083467201039,41.973837060823605],[-87.71070855289358,41.973884318422726],[-87.71063282905148,41.97389227715439],[-87.70862930434664,41.97391707854221],[-87.70868094610303,41.975747765314054],[-87.70472526236972,41.97577443018905],[-87.70471410784809,41.97569921341247],[-87.70462856534053,41.97559092450839],[-87.70458502729831,41.97537364782381],[-87.7044922605873,41.97519987086941],[-87.70448689988196,41.97503074296826],[-87.70445633571602,41.97485549612776],[-87.70439128747606,41.97469021244635],[-87.70429501019882,41.974275365173604],[-87.70402601869682,41.97351893411411],[-87.70393093865238,41.9732817798345],[-87.70385786146765,41.973159152518804],[-87.7038249637086,41.973053045910376],[-87.70376085619863,41.97268060793795],[-87.7035694070606,41.97195297465476]]]}},{"type":"Feature","properties":{"ward":34},"geometry":{"type":"Polygon","coordinates":[[[-87.63968314847985,41.889056667944864],[-87.63923999993293,41.887113000071196],[-87.63914699987089,41.886843999902545],[-87.63845299958793,41.88611299987638],[-87.63820300014545,41.88580700009409],[-87.63819201141283,41.8857211249041],[-87.63966559496046,41.88572151102878],[-87.64131319302656,41.88569939842227],[-87.64131703055433,41.885518301999085],[-87.6412944208422,41.88520743507737],[-87.64117142033696,41.88119708214143],[-87.63966579462627,41.88121711364149],[-87.63956050818409,41.87804478370414],[-87.63225587651444,41.878133518358894],[-87.63234717452157,41.88131389188484],[-87.63529720160108,41.881278651052284],[-87.6353599489716,41.883828817225385],[-87.63512700006191,41.883875000321176],[-87.63387715365185,41.8838821169115],[-87.6324242872638,41.883862999223325],[-87.63240735299182,41.88320893038328],[-87.62943536691292,41.88321489025333],[-87.62942659798888,41.88342193718071],[-87.62945714038099,41.88448193953321],[-87.62624825102776,41.884495925228414],[-87.6262772911962,41.8857365990194],[-87.62611237045594,41.88572600116629],[-87.62517051519322,41.88573526229724],[-87.62391255995507,41.88576594070128],[-87.6238998452406,41.88443912191614],[-87.62412523838914,41.88443690644715],[-87.62445170702262,41.88447144513641],[-87.62438831135029,41.88297943040723],[-87.62434589457244,41.881425289872496],[-87.62433465699722,41.88078442593975],[-87.62435709510903,41.880522587086816],[-87.6243655208106,41.88009179119551],[-87.62433401305479,41.87885382227116],[-87.62431103875059,41.878611785057835],[-87.62431329113342,41.87796598380085],[-87.62429116649399,41.8770045498835],[-87.62528603821467,41.876991833104576],[-87.62530399978331,41.8762030003986],[-87.62603804445983,41.876171986295915],[-87.62608247309251,41.87824593460621],[-87.62757454769746,41.8782193992291],[-87.62767706294318,41.878175926012155],[-87.63078527616041,41.87814794909193],[-87.63074938227564,41.87688417413258],[-87.6287395915808,41.876906980472135],[-87.6287066737644,41.87593583735643],[-87.62870155867536,41.8755554010872],[-87.62969355448143,41.87554641977294],[-87.6296984317092,41.875704389285126],[-87.63071292362403,41.875693175405154],[-87.63056510942715,41.87057607608741],[-87.63049175184337,41.86964771496236],[-87.63043649660871,41.867432003841664],[-87.62655300023971,41.8674970001123],[-87.6255269995215,41.86749399996134],[-87.62415099966084,41.86753699999399],[-87.62267300025498,41.867562000112365],[-87.62263499942627,41.86582399989538],[-87.62372163828769,41.86579006783462],[-87.62747300044248,41.865742000015516],[-87.62748599993729,41.86733799987428],[-87.63129500048359,41.86729399973966],[-87.63266399977688,41.86726400016783],[-87.6326619998297,41.867407000154806],[-87.63437799944096,41.86737099990213],[-87.63457300015996,41.869223999760514],[-87.63456400023136,41.86965000039814],[-87.63454500039124,41.86980200028694],[-87.63473500057523,41.87017299962191],[-87.63482299963631,41.87054799972472],[-87.63495699960721,41.87085299969436],[-87.63498999956363,41.87108899990772],[-87.63496200035364,41.87122399977075],[-87.63487899945669,41.87136199999384],[-87.63472600013745,41.8714870001911],[-87.63458199981265,41.87156200043287],[-87.63460600008787,41.871973999693125],[-87.63508700017186,41.87196399987488],[-87.63562399994638,41.87469100021726],[-87.63585600025874,41.87510300022153],[-87.63598100041376,41.87526499964192],[-87.63626499406287,41.87556699298479],[-87.63670333746224,41.87556117970341],[-87.63680782888297,41.87568977179483],[-87.63638797632548,41.87569624509894],[-87.63652200018036,41.875838999866964],[-87.63705000016273,41.876608000087195],[-87.63711899958433,41.876723999693624],[-87.63713800126999,41.87680212673826],[-87.6410269476699,41.876752158901354],[-87.64095562227708,41.874389538530046],[-87.64653153250607,41.874322848918794],[-87.6471266376389,41.874339325338696],[-87.64701489724055,41.87174522658494],[-87.64696116017763,41.869600136373336],[-87.65068500920962,41.8695391815113],[-87.65131447306482,41.86949798619834],[-87.65130359563977,41.86941608767296],[-87.65331682903133,41.867051776778965],[-87.65649280270391,41.866999355329376],[-87.65668122586996,41.86699661577673],[-87.6568326064744,41.871705906844824],[-87.65681905529124,41.87225453426661],[-87.66090605393097,41.872179969379204],[-87.66102644760021,41.87216931282176],[-87.661202886247,41.87211855789154],[-87.6617244261493,41.872110004547864],[-87.66171361144451,41.871752006619175],[-87.66194713708137,41.871713973987625],[-87.6623255303617,41.871693456341504],[-87.66414972476039,41.87166240268214],[-87.66421524783794,41.87373322226493],[-87.66185641289887,41.87377044004039],[-87.66177573849005,41.8737605588407],[-87.66182055390334,41.87526046008156],[-87.66662640142492,41.87517718012915],[-87.66666479789765,41.87635101028077],[-87.66915035859246,41.87631730705785],[-87.6692278696895,41.87885627739232],[-87.66761194607619,41.880154276312595],[-87.66671133045811,41.8809035602934],[-87.66608424260146,41.88146156105546],[-87.66441825598702,41.88148849410572],[-87.66428823856396,41.87639574323512],[-87.65941602777225,41.876479207415315],[-87.65945148663833,41.87775019522908],[-87.65457048287233,41.87783179582742],[-87.65461335960391,41.879098154872125],[-87.65705659420767,41.879057057242434],[-87.65709971761495,41.8803297478144],[-87.6595312398624,41.88029043015721],[-87.65956017529044,41.881475460214276],[-87.65961651150378,41.881573555132704],[-87.65875675954885,41.88158797436341],[-87.65877584046085,41.88226794900587],[-87.65671032221361,41.88230286121733],[-87.65672389955945,41.882725335985704],[-87.65670162835599,41.882983224347505],[-87.65556715123326,41.883001661992424],[-87.65557853597959,41.88340836883749],[-87.65441015082641,41.88342729628013],[-87.65439813463378,41.88302300841435],[-87.64973581493193,41.883104656506816],[-87.64969712380226,41.88173787057737],[-87.64853076662712,41.88176183994089],[-87.64856704469638,41.88312537961063],[-87.64604619963347,41.883155622022265],[-87.6460812698223,41.88393332156596],[-87.64607799983604,41.8841620000863],[-87.64615400033529,41.885427000406345],[-87.64621100022174,41.88581799983977],[-87.64644099944616,41.88657800028708],[-87.6464460026666,41.886800539265955],[-87.64750583970584,41.88679720764715],[-87.64755298671896,41.888198428421845],[-87.64826477489065,41.88904185624976],[-87.64578781624353,41.889074358570014],[-87.64534949298857,41.88902124057893],[-87.64287448597287,41.889049027086635],[-87.64291325458782,41.89015195418148],[-87.64295154283809,41.89024493640535],[-87.64281243598914,41.89070060972706],[-87.64281172552181,41.890766575093714],[-87.64286290633089,41.89093312593059],[-87.64312317522423,41.89125279741167],[-87.64270242515258,41.891268524817576],[-87.64147581763527,41.89138951973239],[-87.64128200024365,41.89107999929558],[-87.64112900066986,41.890750999941055],[-87.64072200005307,41.89018599969286],[-87.64017500004657,41.88963100028042],[-87.6398190005506,41.88935300048244],[-87.63974000018712,41.88923699994075],[-87.63968314847985,41.889056667944864]]]}},{"type":"Feature","properties":{"ward":35},"geometry":{"type":"Polygon","coordinates":[[[-87.69622117883007,41.94701783967195],[-87.69618841106336,41.94657265555721],[-87.69548115944465,41.94357901537205],[-87.69542825186058,41.943204244595485],[-87.69527864253931,41.94276631472446],[-87.69459139081947,41.941699164375244],[-87.69445825535857,41.941511844205266],[-87.6943105655363,41.941339124588545],[-87.69417589429801,41.94112171903661],[-87.69408237939604,41.941023174746626],[-87.6939466277385,41.94078888617253],[-87.69387038200665,41.94069469104278],[-87.69383242357289,41.94056863028232],[-87.6936698608892,41.94036185293882],[-87.69363310804529,41.94025506323335],[-87.69352866049591,41.94013623250243],[-87.69346672516909,41.94009606925515],[-87.69337747624056,41.93998648846852],[-87.69305950798297,41.93977695144432],[-87.69279425386796,41.939522729724686],[-87.69266159993064,41.93945717105913],[-87.6924385998,41.93938081716826],[-87.69244347469,41.93931245782833],[-87.69234275907264,41.93921774153275],[-87.69223359328095,41.939177780301435],[-87.69207908850409,41.939084848586575],[-87.69193519500475,41.9390296548558],[-87.6919025150605,41.939000766989906],[-87.69166962987653,41.938924603969845],[-87.69148630601163,41.93879180212737],[-87.69142791217664,41.938699242013534],[-87.6913970295817,41.93868175325757],[-87.69105685562208,41.9382396512452],[-87.69087243030724,41.937854455606924],[-87.69078107166949,41.937542091641376],[-87.69071708130478,41.93739944583193],[-87.69041339066725,41.93690493867364],[-87.69014925739201,41.93669871286528],[-87.69007236103319,41.93664833701671],[-87.68993368779788,41.93660834512001],[-87.68924836679375,41.93651517891703],[-87.68891239140859,41.936498365294284],[-87.68852681866818,41.9364467218908],[-87.68814979854614,41.93619537380877],[-87.68798678840396,41.93610394093644],[-87.68791721089217,41.932577238476334],[-87.68788269166514,41.93217912676441],[-87.68788402203377,41.93152406688129],[-87.68776599988072,41.92858299962254],[-87.69063199957118,41.93019300013683],[-87.69095499947821,41.93033199964044],[-87.69160299947326,41.93074899972359],[-87.69273800040216,41.93139299995442],[-87.69396400450542,41.93212407989401],[-87.70498089600585,41.93204084290161],[-87.70487535506405,41.928403167627536],[-87.70524863821026,41.92840173485756],[-87.70554522075986,41.92827291187531],[-87.70575161261465,41.92805888272955],[-87.7023466311845,41.92596813478101],[-87.7023021989383,41.92410012974346],[-87.70223325619015,41.922384930229015],[-87.70679226806335,41.92234242533975],[-87.70714207391796,41.92232299830414],[-87.70711287154053,41.92145174650704],[-87.70726965583889,41.921446294615606],[-87.70736650306462,41.921406234600134],[-87.70753614792702,41.92124494855338],[-87.70759713265986,41.92111457289463],[-87.70760599511686,41.92105737695505],[-87.70756967561218,41.92092740465681],[-87.70745714928054,41.92078979899393],[-87.70728411214766,41.9206967594494],[-87.70707450192462,41.92066284509125],[-87.70703442704092,41.91922502533466],[-87.72905400649113,41.918966472777065],[-87.72900021029018,41.91713497737836],[-87.73632797617243,41.91704487156408],[-87.73649451154553,41.92253499856805],[-87.73161129561348,41.92259385847226],[-87.73165107667289,41.92392369705767],[-87.72920427822875,41.923949572950306],[-87.72922104693399,41.924458043707425],[-87.72676858350643,41.924483955801236],[-87.72697870475997,41.93179036167611],[-87.72208764929411,41.93185122391239],[-87.72214934814914,41.93427706017614],[-87.72208489671094,41.9343091876171],[-87.72200623387667,41.93437592021345],[-87.71966124523279,41.93654438153278],[-87.72391930217597,41.939132888264034],[-87.7173991718387,41.9392162142795],[-87.7175260754387,41.943446325325596],[-87.71752000022698,41.944408999953055],[-87.71749602663904,41.944671808854984],[-87.71754492096191,41.945413263140246],[-87.71753200009256,41.945457999760485],[-87.71756030540814,41.946126759655215],[-87.71755901917585,41.9465042970047],[-87.71763939507271,41.94740414954815],[-87.71781330382527,41.953786456456065],[-87.7129049557886,41.95385680530657],[-87.7128045263789,41.95050427505608],[-87.7127911415833,41.949330379733155],[-87.70780352973412,41.945917883229214],[-87.70765157099285,41.94029101110638],[-87.70762483136004,41.93993568147212],[-87.70764726073087,41.93976187474063],[-87.70770855107541,41.939568137514186],[-87.70769774565987,41.9393309922218],[-87.69782343453083,41.93939274028747],[-87.6980314121178,41.94668258096985],[-87.7019665988906,41.94664768815723],[-87.70536891021251,41.946645820727355],[-87.7054735479941,41.950292279961666],[-87.6993580267106,41.9503215914194],[-87.69946343071162,41.95396750119618],[-87.69454306469473,41.95399222334505],[-87.69458438230382,41.9538090991752],[-87.6946471610673,41.9536814853932],[-87.69507261699052,41.9531070728097],[-87.6953977920988,41.9527118199814],[-87.69549659203417,41.95261412575851],[-87.69577591818364,41.952182037564334],[-87.69611828476582,41.9515583669775],[-87.69624983022572,41.951269253555594],[-87.6966003575948,41.95074430835652],[-87.69676809262928,41.95043467658132],[-87.69683994686491,41.95024023525995],[-87.69686355923712,41.95000625763125],[-87.69682815486222,41.94969253462951],[-87.69679079461977,41.9495570104642],[-87.69670858565368,41.94904456613416],[-87.69657484651111,41.948391278030655],[-87.69646617569734,41.9479488566774],[-87.6963716881948,41.94773623249008],[-87.69633893501617,41.94761072196862],[-87.69631060742591,41.947384002743725],[-87.69622117883007,41.94701783967195]]]}},{"type":"Feature","properties":{"ward":36},"geometry":{"type":"Polygon","coordinates":[[[-87.76599057860852,41.92398110944182],[-87.75860675277136,41.924074979465274],[-87.75855040408798,41.92224872474338],[-87.75732113824671,41.92226562593705],[-87.75721632444873,41.91865143275728],[-87.75619240995215,41.91866508359772],[-87.7557313701927,41.91863521326133],[-87.75353376582163,41.91866266669841],[-87.75343099987107,41.9180450001677],[-87.75342800037006,41.9172970004072],[-87.75340400013833,41.916892999715664],[-87.75337512400458,41.916844235672194],[-87.7494509999861,41.91688880663675],[-87.74943121096274,41.916440558759426],[-87.74608324836707,41.91647367720789],[-87.7461106853248,41.91693271836651],[-87.7414219960211,41.91698492107304],[-87.74133500038057,41.91514199961868],[-87.74130099975183,41.91390599986835],[-87.73962899963392,41.91370699977625],[-87.73819199949904,41.91357399985081],[-87.73768300022046,41.91355000011092],[-87.73622447846114,41.91352200531149],[-87.73616219959204,41.91158042521957],[-87.73493159916714,41.91159573223697],[-87.73488987373041,41.9102769279874],[-87.73367003776413,41.91029362182284],[-87.7336553456515,41.90978924700775],[-87.73142119421183,41.90981726709734],[-87.7314050802022,41.90931705488719],[-87.7301813467066,41.909334406121296],[-87.73016016715626,41.90863379870018],[-87.72893150073331,41.90865272232508],[-87.72891228059765,41.90804101349216],[-87.72583295193664,41.90808041988947],[-87.72580300806514,41.906414244419224],[-87.72530487664045,41.906226646000455],[-87.72519214992701,41.9062125718912],[-87.72519467115717,41.906289800048256],[-87.71972341725689,41.90634090510424],[-87.71965946639911,41.90453271301299],[-87.7166228954561,41.90456189580631],[-87.71654534762887,41.90224099821462],[-87.71279949422775,41.90075194434145],[-87.71269013840715,41.90069147361398],[-87.71188391934615,41.900052972266806],[-87.71138384587644,41.90019587759357],[-87.70881273839227,41.89917070224351],[-87.70195112846811,41.89923835779242],[-87.70192911220221,41.89802224165454],[-87.70104384258319,41.8980320227492],[-87.7010289995701,41.89661700044749],[-87.70039460844652,41.89633717434884],[-87.70043471215767,41.89803615348331],[-87.69676322987372,41.89807300315527],[-87.69679072575961,41.89928313535124],[-87.6943274865171,41.89930287341241],[-87.69434883330004,41.9002193244422],[-87.69681481351338,41.90019944180781],[-87.69686827906501,41.902430556216714],[-87.68780465156826,41.9025164058436],[-87.68779138586909,41.902079613266714],[-87.68700585499103,41.90208695030803],[-87.68695980204028,41.90029273378782],[-87.6845101552228,41.90033055873455],[-87.68448617642807,41.89942169907611],[-87.67228234765939,41.89963273049124],[-87.67202202636686,41.890903483280745],[-87.68574325453707,41.8906761702215],[-87.68738913445186,41.89062880228764],[-87.7066463806658,41.89831067712325],[-87.70660109012697,41.896857026780445],[-87.70773600037168,41.89753300011478],[-87.70894216599731,41.89829412108122],[-87.710209557882,41.89915566486252],[-87.71521406812852,41.899117686874845],[-87.7152775346347,41.9009397338674],[-87.71893652244506,41.90090970558301],[-87.71898100523215,41.902261505186615],[-87.7201987971438,41.90224935262908],[-87.72021524141144,41.90272291504445],[-87.72143082990358,41.90271283275559],[-87.72144556033415,41.90317410971947],[-87.7238784349184,41.90314672965235],[-87.72392266748923,41.90445720549705],[-87.72574536324232,41.90444554502316],[-87.72576398628671,41.90535620532149],[-87.726233506734,41.90557669112483],[-87.72639318488409,41.90562943972527],[-87.72638563360996,41.905376397536955],[-87.73621535414173,41.905229332494535],[-87.73632862104903,41.90920011780196],[-87.73631518651969,41.90953012533913],[-87.73626311129347,41.909755562079525],[-87.73555911128099,41.90976623904111],[-87.73609213029889,41.90999481731825],[-87.73939259594204,41.91131040774701],[-87.74438056817885,41.913275312217],[-87.74535963491083,41.91368150926276],[-87.74599048475845,41.91392373506598],[-87.7460097143469,41.914493026687204],[-87.75589461207409,41.915709076373396],[-87.75593751858185,41.916934251284786],[-87.76519030707566,41.91865337058358],[-87.76701827370819,41.918979930553235],[-87.76694025077674,41.916868694541165],[-87.76816012598574,41.91685593500384],[-87.76820069926335,41.918052228183996],[-87.76924400048414,41.91804399991447],[-87.76952943349903,41.9179907305973],[-87.7802592954718,41.9178460424169],[-87.78032529987155,41.917852836443416],[-87.78037338810641,41.917879384889865],[-87.78038919716994,41.91792078920481],[-87.78040068995143,41.91829183754224],[-87.78527737933955,41.91822755948297],[-87.78523159745389,41.91663810661866],[-87.78600354239211,41.916678946587005],[-87.78657038853534,41.91675321674608],[-87.78700204114438,41.91683419490875],[-87.78761460573462,41.916989193720475],[-87.78767116048965,41.91701410562691],[-87.78769116208082,41.91704274047574],[-87.7878833540048,41.923263195921876],[-87.7880849788962,41.92334929386224],[-87.78857268269986,41.92365205014853],[-87.79240830252932,41.92362120340618],[-87.7923345075193,41.921195172724225],[-87.79870786944502,41.921135639502964],[-87.7987720900142,41.921136679474245],[-87.79881028468085,41.92115372779877],[-87.79882600054628,41.9209000004129],[-87.79951500009939,41.92115800014386],[-87.80067630773168,41.921557995632995],[-87.80082523016401,41.92644810272652],[-87.80127030462396,41.93943655881442],[-87.80002359926104,41.93944274475287],[-87.80004696207196,41.93991973512137],[-87.79818824520004,41.9399449107096],[-87.79811998987374,41.93822884342976],[-87.79813172984794,41.938122433602445],[-87.7872727974089,41.93829747881868],[-87.7874198640757,41.94197500535084],[-87.78560065456789,41.94200419930005],[-87.7854463072127,41.93832532854995],[-87.7860306822723,41.93831747183911],[-87.78592256609681,41.93786596097532],[-87.78590573428939,41.93753484489099],[-87.7856891840261,41.931001679163046],[-87.77961165910367,41.93108670715197],[-87.77948875204851,41.92742903684245],[-87.78558345756913,41.927338504872765],[-87.78544267591009,41.9236779753636],[-87.76599057860852,41.92398110944182]]]}},{"type":"Feature","properties":{"ward":37},"geometry":{"type":"Polygon","coordinates":[[[-87.72266044818508,41.90315799732952],[-87.72240612515846,41.89526220357192],[-87.72225915938581,41.889899040869416],[-87.72103523978707,41.88990431784468],[-87.72092486622994,41.885986948067604],[-87.72092041624094,41.88520404153363],[-87.72463061114165,41.885413891535485],[-87.72580483774625,41.885466824632225],[-87.72587808220499,41.88833423346987],[-87.7261369999157,41.88850500012904],[-87.72647999974662,41.88876800031991],[-87.72672500044364,41.889053000282566],[-87.72685199984205,41.889276999721716],[-87.7271339994017,41.88970699960037],[-87.7273669996597,41.89051200042252],[-87.72760799954406,41.89091599964906],[-87.72792399960947,41.891265999689885],[-87.72826900032358,41.89148900015714],[-87.72852299985269,41.89157499990479],[-87.72910200015127,41.89165099977068],[-87.72989900044837,41.89169500002195],[-87.73146899989918,41.89182999997471],[-87.7323969996011,41.89194299984005],[-87.73436499969156,41.89232300004786],[-87.7349389995241,41.89246899990367],[-87.73607000015441,41.89288500012586],[-87.73702300019407,41.89316100024256],[-87.73758000040793,41.89339100031706],[-87.73905200011693,41.894144000343026],[-87.74004899989785,41.89468400002307],[-87.74038199943948,41.89495500001507],[-87.74052489443457,41.895101879189845],[-87.74150483332274,41.89509452612465],[-87.74239305323543,41.89506520342629],[-87.74580721028164,41.89500415370972],[-87.74554641624351,41.88778100936635],[-87.74796000040797,41.88775699989926],[-87.74800179231329,41.88788529279845],[-87.7506504970708,41.88786983746836],[-87.75533703895022,41.88780879986382],[-87.75531592854418,41.88731377580653],[-87.75532291181625,41.88702401796939],[-87.75528994797585,41.886765590818975],[-87.7550668918403,41.88037184688698],[-87.76154308741327,41.8802898405986],[-87.76160877394543,41.88228729167737],[-87.7649259008239,41.88224415332257],[-87.7650538628469,41.88558822065352],[-87.76512658236626,41.88796240943705],[-87.76538780599198,41.89463386441829],[-87.76588548896719,41.90861529510941],[-87.76588838685461,41.90885628143655],[-87.76583507965547,41.90908878341098],[-87.76566626527524,41.90953298267841],[-87.76554928521092,41.90994008743668],[-87.76553282732011,41.91016374373189],[-87.76563596709923,41.91285297385735],[-87.7657389995179,41.91451700035599],[-87.76574903953441,41.91499817508695],[-87.76572800002943,41.91602299996235],[-87.76580600279783,41.91876292699153],[-87.75593751858185,41.916934251284786],[-87.75589461207409,41.915709076373396],[-87.7460097143469,41.914493026687204],[-87.74599048475845,41.91392373506598],[-87.74535963491083,41.91368150926276],[-87.74438056817885,41.913275312217],[-87.73939259594204,41.91131040774701],[-87.73609213029889,41.90999481731825],[-87.73555911128099,41.90976623904111],[-87.73626311129347,41.909755562079525],[-87.73631518651969,41.90953012533913],[-87.73632862104903,41.90920011780196],[-87.73621535414173,41.905229332494535],[-87.72638563360996,41.905376397536955],[-87.72639318488409,41.90562943972527],[-87.726233506734,41.90557669112483],[-87.72576398628671,41.90535620532149],[-87.72574536324232,41.90444554502316],[-87.72392266748923,41.90445720549705],[-87.7238784349184,41.90314672965235],[-87.72266044818508,41.90315799732952]]]}},{"type":"Feature","properties":{"ward":38},"geometry":{"type":"Polygon","coordinates":[[[-87.75223939418406,41.95336010003142],[-87.76699971340643,41.95318458398185],[-87.76675600762302,41.94587668797493],[-87.7863070024709,41.94566340837383],[-87.78634644151121,41.945505015195934],[-87.78635038501568,41.945215793850956],[-87.7862102501398,41.941993650289504],[-87.7874198640757,41.94197500535084],[-87.7872727974089,41.93829747881868],[-87.79813172984794,41.938122433602445],[-87.79811998987374,41.93822884342976],[-87.79818824520004,41.9399449107096],[-87.79978179252005,41.93992726704418],[-87.80004696207196,41.93991973512137],[-87.80002359926104,41.93944274475287],[-87.80127030462396,41.93943655881442],[-87.80128857718543,41.939897721785684],[-87.80701393333021,41.939808781157595],[-87.81657789181516,41.93961867075861],[-87.81651874559415,41.93793876809665],[-87.84962055757948,41.93728534004333],[-87.84977767590667,41.93743047957059],[-87.85018743142277,41.93775082689562],[-87.85066018459533,41.93807867088522],[-87.85141195276766,41.93870457709394],[-87.85164285947278,41.93895175349784],[-87.85180609647563,41.939169675569296],[-87.85211178963235,41.939790084317686],[-87.85226713381206,41.94041348529958],[-87.85253235099113,41.94125821269721],[-87.85274177174055,41.941821488084095],[-87.85295495462717,41.94226769295699],[-87.85307559103423,41.94260060657303],[-87.85309550911067,41.94288043554786],[-87.85302429819504,41.943107360507774],[-87.85301273126042,41.94335072475852],[-87.85304727693942,41.94343972598326],[-87.85326069007343,41.9437631480265],[-87.8535827873462,41.945044071112534],[-87.85382223732978,41.94584273506562],[-87.85408173596036,41.946556685044115],[-87.85487051572397,41.94779542471886],[-87.85497588684058,41.94803398046624],[-87.85500439244397,41.94819889002026],[-87.85501697053837,41.948463594626084],[-87.85501321120059,41.94894211712446],[-87.85493570985027,41.94948416149186],[-87.85466436510082,41.95008549772513],[-87.85453280430758,41.950300643844066],[-87.85432706516322,41.950730025294135],[-87.85424601200965,41.9509214536086],[-87.85407290638034,41.95144737300336],[-87.84661243395159,41.951639177498805],[-87.84660472633668,41.95568681328063],[-87.85807878242785,41.95544460038252],[-87.85825043279542,41.95557862485083],[-87.85834588266411,41.955705940572464],[-87.8584461862127,41.95585816508342],[-87.85858712166517,41.956143185517845],[-87.85863554076529,41.95638581106743],[-87.85870843797181,41.956595057116424],[-87.8587447618296,41.95675854289313],[-87.85877505164507,41.956932542104305],[-87.8587819725998,41.95724360045352],[-87.8587582650498,41.95741603135553],[-87.85868114829584,41.957608659190825],[-87.85842254401524,41.95792825122872],[-87.85813159730377,41.958341644065484],[-87.85757725539592,41.959189973104884],[-87.85741634064269,41.959559006833224],[-87.85703032747297,41.96019582155004],[-87.85647451560982,41.96122728795196],[-87.85629870142408,41.96159079667376],[-87.85582008496432,41.96241465239076],[-87.85567657211848,41.96284377193026],[-87.85550644800897,41.964456031947265],[-87.8554428286666,41.9647093598384],[-87.8553014419147,41.96511864698324],[-87.85496772404962,41.965948644276935],[-87.85492186667263,41.96613579046238],[-87.84609104672789,41.966421162077665],[-87.836682072114,41.96659715526385],[-87.83669886415815,41.95936021270933],[-87.83267784191077,41.95943815116583],[-87.83260405217105,41.95907589511292],[-87.83208383121246,41.95701796024767],[-87.83194389925336,41.95625873659706],[-87.83182117658642,41.95570090485124],[-87.83183386232855,41.955170832000796],[-87.83182665537181,41.95404078608478],[-87.83179303172541,41.952163821042525],[-87.81978633424094,41.95247478419562],[-87.8072692336719,41.95276460740567],[-87.8072969256015,41.95367984281138],[-87.80012289374399,41.95711009599622],[-87.80012833109895,41.957284050896874],[-87.79999222870609,41.957351023716036],[-87.79472690547416,41.95986648923923],[-87.79432793074811,41.96003031193846],[-87.79419714021225,41.96005757927621],[-87.79170966367042,41.960121381991655],[-87.78830274170843,41.96017497146336],[-87.78680540410107,41.96021702134535],[-87.78689042633334,41.962690958501824],[-87.78696274994552,41.96314272569433],[-87.78704783336032,41.96330364328002],[-87.78680435650563,41.963447512403675],[-87.78677852613849,41.96347129140761],[-87.7867690669625,41.96354981370268],[-87.78674174885786,41.96653856890513],[-87.78196592207124,41.966600932696636],[-87.78197600824754,41.96471132186464],[-87.77716131294227,41.964779318880375],[-87.77716530134164,41.964915779608404],[-87.76739153768703,41.96504492938707],[-87.76718374261365,41.958656420775554],[-87.7573258338963,41.958776381452736],[-87.75728371497043,41.95740538603357],[-87.75246592190089,41.95746518836072],[-87.75207222974446,41.957012656823274],[-87.75278820135541,41.95700408986515],[-87.75233453589966,41.95647248866949],[-87.75236609940346,41.95618258699151],[-87.75236141894972,41.955831633215034],[-87.75229672585093,41.9554660235404],[-87.75219253885231,41.95518604246586],[-87.75230162966822,41.955185218900056],[-87.75223939418406,41.95336010003142]]]}},{"type":"Feature","properties":{"ward":39},"geometry":{"type":"Polygon","coordinates":[[[-87.69915742104398,41.9831209204929],[-87.69892275218504,41.97581771086836],[-87.70868094610303,41.975747765314054],[-87.70862930434664,41.97391707854221],[-87.71063282905148,41.97389227715439],[-87.71070855289358,41.973884318422726],[-87.71083467201039,41.973837060823605],[-87.71091190350465,41.97378366610569],[-87.71104289931714,41.97365866443147],[-87.71106452194029,41.97356427066127],[-87.71102100999126,41.972053083439135],[-87.7128074274701,41.97202495835991],[-87.71298706871912,41.97200586900708],[-87.71332409356039,41.97193809702425],[-87.71346196562575,41.97188433119683],[-87.71346334619932,41.97194700776624],[-87.71364499985421,41.971898999817185],[-87.71398000016376,41.97185899999352],[-87.71492699955887,41.97179599979999],[-87.71582000020281,41.97186699965016],[-87.71604799958475,41.97191100038816],[-87.71652100035178,41.97213000041839],[-87.71644299954046,41.97201200029795],[-87.72079740125831,41.971965467717936],[-87.7207468177692,41.97014367664139],[-87.72445404906762,41.97010305303459],[-87.72441618732641,41.96870414349877],[-87.72561527730566,41.96869386270749],[-87.72561621488218,41.96872938292842],[-87.726646762035,41.968728000931094],[-87.7280418019658,41.968698564573565],[-87.7280140485735,41.967784712556856],[-87.7273928898453,41.967793808963194],[-87.72731908791235,41.96460085129548],[-87.72792824861303,41.96459405714022],[-87.72782816980269,41.96094683673745],[-87.72415824673602,41.960991797896526],[-87.72410511036445,41.95917217358727],[-87.72287456652919,41.95918748091534],[-87.72281966029286,41.95736498933402],[-87.72159483013935,41.95738013331059],[-87.72152463879105,41.955036218266244],[-87.72205135504966,41.955029366930276],[-87.72273877246693,41.95551035043113],[-87.7228119377102,41.95554067821464],[-87.72766871994327,41.95547651426438],[-87.72761716348735,41.95364778851127],[-87.73093906881537,41.953618454360196],[-87.73396073011357,41.955320692971036],[-87.73477480068136,41.95575646760786],[-87.73527154225351,41.955966848107224],[-87.73750361508819,41.95722015628862],[-87.73876269527503,41.95794865778793],[-87.73941376776263,41.958302106777786],[-87.74166989226082,41.95964269556489],[-87.74331652100972,41.960655439312184],[-87.74353443042874,41.96076815399065],[-87.74456794056158,41.960755149661956],[-87.74671500023031,41.962023000089715],[-87.74737564164037,41.962430330213365],[-87.74701011364374,41.96279281310058],[-87.74696302292597,41.96290003595877],[-87.74698145893693,41.96299464043457],[-87.74706180887767,41.96316993892982],[-87.74741488965144,41.96383312361537],[-87.74759541375967,41.9642397765203],[-87.7476355999161,41.96451709217378],[-87.74772453809737,41.967083490764345],[-87.74772179607407,41.96802872325168],[-87.7475590000536,41.96853500029855],[-87.74756500043286,41.96861799982364],[-87.74778000039805,41.96915399999779],[-87.74782567959768,41.96939849937717],[-87.74786316351111,41.969938805849964],[-87.74788566794837,41.97059750291034],[-87.74791173475836,41.97288067421165],[-87.752150181113,41.97550056439551],[-87.76396349961274,41.9827463369823],[-87.76958841099167,41.98567175495302],[-87.77789518053548,41.98996147795964],[-87.77789112137698,41.99020239547496],[-87.77873271357633,41.99020690561074],[-87.78577430797452,41.99013917372262],[-87.78643583459645,41.990117684367156],[-87.78747686906827,41.990129824722054],[-87.78760024525825,41.990166015610875],[-87.78747986268516,41.99669360847352],[-87.78744759853335,41.99704243458268],[-87.78744311605726,41.997355937977154],[-87.78330219105435,41.99739797062356],[-87.78241669443683,41.997389553141936],[-87.77661926480552,41.997443388030305],[-87.77548351227966,41.99744166108988],[-87.77404451388749,41.99738943486716],[-87.77169896008799,41.99718901742243],[-87.7710107073035,41.997153431699324],[-87.77032998797797,41.99713988633845],[-87.76949354667518,41.99715523697393],[-87.76804143457629,41.99724342889676],[-87.76710341209767,41.99727187384613],[-87.76632461176844,41.997329087898265],[-87.76546999939175,41.99735087381743],[-87.76480274792362,41.99732971044009],[-87.75767528284958,41.997322309026224],[-87.74093785447047,41.99725195316198],[-87.72903230274201,41.99723873971216],[-87.72278832417265,41.99726224007049],[-87.72275595137585,41.99715564238518],[-87.72274615372277,41.99679044765143],[-87.72285901596813,41.99680356152059],[-87.72335647212431,41.99680595926118],[-87.72329735329033,41.9937205064751],[-87.72205945710033,41.993722124236186],[-87.72199034357853,41.990679493972635],[-87.72194017795562,41.99065551764478],[-87.72136770653353,41.99066387707624],[-87.7213572107384,41.99023008323794],[-87.70909331045472,41.99038472929638],[-87.70900085627257,41.990158245872095],[-87.70897611087405,41.989957757493215],[-87.70891369383612,41.98975390855749],[-87.70886298641382,41.989454789672166],[-87.70882729524732,41.9894372246418],[-87.708771662557,41.98928066787716],[-87.70868838818886,41.988896493559004],[-87.7085909257258,41.98867321646664],[-87.70848065862089,41.988491774318206],[-87.7085084147708,41.988470684926654],[-87.7085179695712,41.98842274060085],[-87.70847068182724,41.988187991730555],[-87.70831479680473,41.987732813807625],[-87.70830677982795,41.987631070321214],[-87.70826587116245,41.98753781967377],[-87.70828328003554,41.98748034136552],[-87.70824846876631,41.98744796248835],[-87.70821602846256,41.987353824294594],[-87.70820635048753,41.98724894311945],[-87.7081560607901,41.9870392598904],[-87.70794376895712,41.98652274291874],[-87.7078480928582,41.986470795966774],[-87.70777010218441,41.98648710984651],[-87.70775725713725,41.986439071411795],[-87.70776739076489,41.98640339722005],[-87.70787583753716,41.986345647045965],[-87.70782848486178,41.986140479471686],[-87.7078220814045,41.98602809746741],[-87.70771855442389,41.985684837920935],[-87.70750723075211,41.98516785893913],[-87.70750885877743,41.98495283224365],[-87.70743962948399,41.984795925998455],[-87.70739267859969,41.98459495950242],[-87.70731993009547,41.98445183688083],[-87.70726095887534,41.98428409161287],[-87.70718579021563,41.98397891056763],[-87.70707319957957,41.98363411985359],[-87.70702462747589,41.98353511793199],[-87.7070108250636,41.98342346344488],[-87.7069017748452,41.983080467290854],[-87.69915742104398,41.9831209204929]]]}},{"type":"Feature","properties":{"ward":40},"geometry":{"type":"Polygon","coordinates":[[[-87.68189143222699,42.0089614765422],[-87.6797599047407,42.00430601526717],[-87.67555887268217,42.00438647880243],[-87.6751955860082,42.00436828882121],[-87.67511806925424,42.00164577414749],[-87.67185691462889,42.001704083939984],[-87.67125190057973,42.00000655457419],[-87.67096692165451,41.99907756737424],[-87.67059168080317,41.99808067717579],[-87.67054035412283,41.99784328889559],[-87.67036102109064,41.99721851764911],[-87.67024954080613,41.996652498770125],[-87.6702029875118,41.99595554267916],[-87.67015351108515,41.99459835796549],[-87.67014220672387,41.99380312064896],[-87.67007787472718,41.992464087435884],[-87.66997639059757,41.98952355158371],[-87.66995016253335,41.98922429880221],[-87.66984668891122,41.988422852410245],[-87.66982568454326,41.988374174713655],[-87.66970724161806,41.98753260683007],[-87.6695719381161,41.98678260867134],[-87.66939128709912,41.98612910409326],[-87.6691999948725,41.98551939062144],[-87.66914514680047,41.98528296220575],[-87.66858895326763,41.982693475412326],[-87.66844546967894,41.98181738241271],[-87.668413916585,41.98152708330279],[-87.66827190538159,41.979732351189895],[-87.66842383856833,41.976285117864144],[-87.66820802315243,41.97436578984672],[-87.66957684245486,41.974339401715405],[-87.66956039187856,41.97343570277849],[-87.6747469901551,41.97336400380389],[-87.67495652742465,41.97334649058175],[-87.67632328479665,41.973313970745274],[-87.67630854565658,41.97244460724525],[-87.67929591881901,41.97239773506536],[-87.67923885140226,41.97057353340557],[-87.68540802087001,41.97048570949062],[-87.68896461349809,41.97041223534247],[-87.68884838213513,41.96675825064067],[-87.68902922340521,41.96678176489951],[-87.69798425037965,41.966710159289036],[-87.69766610435414,41.966404340191964],[-87.69747167115614,41.96627005988195],[-87.69746299983292,41.966209999567376],[-87.69859628990828,41.96619981924659],[-87.69847197484653,41.966077409262795],[-87.69831242451613,41.96588528359084],[-87.69785846329529,41.9654632366405],[-87.69757316487039,41.965174860142604],[-87.69729171349924,41.96491026931088],[-87.6970375313004,41.964721101791866],[-87.69693007993693,41.9645744053813],[-87.69667256935563,41.96428782644613],[-87.69605055374875,41.963681637693625],[-87.69597174726992,41.963561168387166],[-87.69562386261246,41.96317916453586],[-87.6954063786295,41.96278827775569],[-87.69518006461662,41.96221389313842],[-87.69508842313537,41.962090141282225],[-87.6950722891811,41.96198991519928],[-87.6950132707478,41.961902101206526],[-87.69484531160742,41.961475321515636],[-87.69474577287771,41.96127342640698],[-87.69848305266216,41.96124916305611],[-87.69850680838906,41.96136480934641],[-87.69848058837593,41.961739358823785],[-87.69853049661069,41.96347896856891],[-87.69851643683864,41.963547029510636],[-87.69845819715657,41.963618072021575],[-87.6994308542349,41.96458423339043],[-87.69963419628174,41.96476723316137],[-87.7034656964888,41.964738572379794],[-87.70358004013694,41.96835732878013],[-87.7036051149541,41.9684943261041],[-87.70107611828385,41.96851476366057],[-87.70143941578698,41.96894182764603],[-87.70145263668458,41.969062590283706],[-87.70154489636646,41.96919671302067],[-87.70188281308472,41.96954480947258],[-87.70202110002339,41.96962443783197],[-87.70223987777396,41.96985716902253],[-87.7026478813371,41.97034047074234],[-87.70300842875601,41.97088961789637],[-87.70309078273351,41.971051813007094],[-87.70321880200237,41.97124093271428],[-87.70353186083449,41.971863500303],[-87.7035694070606,41.97195297465476],[-87.70376085619863,41.97268060793795],[-87.7038249637086,41.973053045910376],[-87.70385786146765,41.973159152518804],[-87.70393093865238,41.9732817798345],[-87.70402601869682,41.97351893411411],[-87.70429501019882,41.974275365173604],[-87.70439128747606,41.97469021244635],[-87.70445633571602,41.97485549612776],[-87.70448689988196,41.97503074296826],[-87.7044922605873,41.97519987086941],[-87.70458502729831,41.97537364782381],[-87.70462856534053,41.97559092450839],[-87.70471410784809,41.97569921341247],[-87.70472526236972,41.97577443018905],[-87.69892275218504,41.97581771086836],[-87.69923759597731,41.98554499570986],[-87.70331176108445,41.987967453526785],[-87.70299139144811,41.988264675673996],[-87.7029725815646,41.98834072367907],[-87.70303965334354,41.99042298516502],[-87.69818077151926,41.99045038921793],[-87.69829979936422,41.993992900245665],[-87.68947459174781,41.99409661872858],[-87.68238891704179,41.99421935313338],[-87.68257312466608,41.99785403814749],[-87.67683740464626,41.997959318950784],[-87.67793807486774,42.00035726933721],[-87.68021517058304,42.00031495180629],[-87.6802101264772,42.000144041849545],[-87.68280952824017,42.00012137131318],[-87.68750821410819,42.000035088783996],[-87.6874960369286,41.999585769924764],[-87.68993120707856,41.999543562727915],[-87.69009164087227,42.005928031388784],[-87.69070313896019,42.00591897256151],[-87.69067948235777,42.00502283233307],[-87.69494740274014,42.00494729944074],[-87.6949663002019,42.008558839209805],[-87.69037170069102,42.00865194319302],[-87.69016225820094,42.00863013447175],[-87.69014653131123,42.00805143301848],[-87.68241957642967,42.00837934653628],[-87.68265950038663,42.00892801493388],[-87.68189143222699,42.0089614765422]]]}},{"type":"Feature","properties":{"ward":41},"geometry":{"type":"Polygon","coordinates":[[[-87.79116628799369,42.00098014106353],[-87.78958224342416,41.99922941835523],[-87.79021630653737,41.99890339903358],[-87.79087156851976,41.99888778234719],[-87.79088815326612,41.99733076932014],[-87.79230967679257,41.997323579487144],[-87.79229783428546,41.99719302964257],[-87.79165151532355,41.99376431718931],[-87.79170008631237,41.9937118557096],[-87.79472735583153,41.99369525683921],[-87.79482017526226,41.99367383329267],[-87.79537810387048,41.993106498876436],[-87.78762607125192,41.98877455533021],[-87.78775172911537,41.98206114000675],[-87.78653373797805,41.98206861319185],[-87.78666313962265,41.975655432739785],[-87.78589586707473,41.975656222357415],[-87.78544604367123,41.97550582749521],[-87.78559023365226,41.968441837339206],[-87.7782344168903,41.96853291996047],[-87.77726831208295,41.967649467243284],[-87.77723056165166,41.96666816549642],[-87.78674174885786,41.96653856890513],[-87.78673624251424,41.967342761387776],[-87.78675665983006,41.967629792776044],[-87.78675177302587,41.96832622310786],[-87.7867723747816,41.968427015851226],[-87.78801351170053,41.96841062756076],[-87.78800940687127,41.96888824009693],[-87.79515441576494,41.96882483446062],[-87.79527724296224,41.9688761779686],[-87.79527784205189,41.96882376718576],[-87.80252463706984,41.96877310866473],[-87.80254225061992,41.96829705158202],[-87.80715600146642,41.96826957866633],[-87.80705996671388,41.973196340417495],[-87.80706668478688,41.97453821352224],[-87.8169174632892,41.97428894893262],[-87.81695334626468,41.97066020027878],[-87.81898673942105,41.9706077754498],[-87.81896778857715,41.97321924581368],[-87.81943251763452,41.97322029617024],[-87.8194260924284,41.97403097610592],[-87.81939805925147,41.97422257211488],[-87.82673538269437,41.97403362239014],[-87.82674256086759,41.97314241260043],[-87.83172857294606,41.97305607557131],[-87.83172260289746,41.973948562303285],[-87.83341936758367,41.97392027799576],[-87.83341371695462,41.97491685226626],[-87.83363013323563,41.974912965100785],[-87.83362664939474,41.975368049265946],[-87.83662654902614,41.97530983201568],[-87.83663074639895,41.97477088154],[-87.84155471231483,41.9746903317788],[-87.84155036522706,41.97378788858445],[-87.83793390100891,41.97384370530291],[-87.83795130271956,41.971346711439885],[-87.8366489086631,41.97136623222223],[-87.83665028688519,41.9702324931661],[-87.84158907516814,41.97014335886053],[-87.84157511906619,41.9719752374524],[-87.84653354096857,41.971889878515334],[-87.84656060968842,41.96954971567033],[-87.84653912495104,41.96819795221705],[-87.84657035410922,41.96640703613531],[-87.85492186667263,41.96613579046238],[-87.85486728971611,41.966358513774246],[-87.85477187530006,41.966912940492335],[-87.85477734287728,41.967199514273716],[-87.85497959555276,41.96793029040599],[-87.85503691488404,41.96832940000844],[-87.85502853297841,41.96870771101297],[-87.8547770519628,41.96942959779683],[-87.85432295366671,41.97029803089166],[-87.85417261782752,41.97078477571525],[-87.8541362480077,41.97100092284351],[-87.85413499439937,41.971168177350286],[-87.85418821129457,41.97143241948174],[-87.85427078871331,41.971620935789375],[-87.85446683255958,41.97189532348101],[-87.85459762778567,41.972039007045815],[-87.85497932444771,41.972340814937944],[-87.85515841889519,41.972458052026546],[-87.8553619265235,41.972517159836364],[-87.8558413478162,41.972586359972574],[-87.8560634131027,41.972578309780914],[-87.85659222821752,41.97245954314731],[-87.85704324680835,41.97231355668532],[-87.85746442624024,41.97214949848573],[-87.85783321576909,41.97197355797956],[-87.85853733114061,41.97153177208284],[-87.85867604863611,41.97146640280848],[-87.85879533618656,41.971432483518264],[-87.85892210219995,41.97142153632125],[-87.8594053467234,41.9714952111218],[-87.8597463285087,41.97159700144667],[-87.86010604539942,41.97175619470862],[-87.86042602231754,41.97192910894068],[-87.86085177497912,41.972224464984066],[-87.86133777425508,41.97260856778877],[-87.86170113645893,41.972987822478245],[-87.86180341739411,41.97312595439088],[-87.8619021903631,41.97332067824896],[-87.86848169861686,41.97315535760065],[-87.86882639036541,41.97316986967995],[-87.86988726141144,41.97312393854515],[-87.88077274634374,41.97285455204736],[-87.88083506840708,41.96550387276593],[-87.8807884431253,41.957200454825106],[-87.88163261359867,41.95711146263897],[-87.88382845776594,41.957362011881],[-87.88384646603322,41.95730028264588],[-87.88562937881105,41.957539849018296],[-87.88562916588285,41.9574861712508],[-87.89026621381522,41.95809597730831],[-87.89289910480039,41.95805056443251],[-87.89287730526094,41.95079377270542],[-87.90377631652454,41.950617995550246],[-87.91474668524835,41.95287519256384],[-87.91477342720263,41.95434136377196],[-87.91479819912946,41.954713406186436],[-87.9148917929366,41.955456443232855],[-87.91504365852644,41.9561941499719],[-87.91522778861945,41.95684476134307],[-87.91584929598059,41.957159319767946],[-87.9163267272625,41.95509185203511],[-87.91596424241202,41.955090534887134],[-87.91594028103034,41.95227185673054],[-87.92214713356486,41.95383194899365],[-87.92214756740313,41.953778525641354],[-87.92555803005376,41.95461445487855],[-87.92634473511357,41.95465416178405],[-87.93420482829679,41.95597143922926],[-87.93947242159243,41.9567943234564],[-87.93947041215876,41.95839044920721],[-87.93912193591319,41.958390204868905],[-87.93924322897293,41.958716876829854],[-87.93931372299423,41.95898959111611],[-87.93935825998626,41.95926941714167],[-87.93937553327989,41.95953382861965],[-87.93935978914152,41.96428371031217],[-87.93971807608519,41.96428493924209],[-87.93971319393846,41.97863637144299],[-87.93985846951595,41.99015288748506],[-87.93987810811771,41.99048802276509],[-87.93993044127129,41.99349140464929],[-87.93880096629155,41.99353262764084],[-87.93872034950691,41.9939442765902],[-87.93857101671986,41.99455916231013],[-87.93828361494516,41.995487449372604],[-87.93817264842453,41.99579064974804],[-87.93791500292976,41.99640258747615],[-87.93761546049046,41.99703121265562],[-87.93739218051618,41.99744685036599],[-87.93708061210691,41.997966581208836],[-87.93666781833053,41.998593180456105],[-87.9361217921896,41.99932752568922],[-87.9354086868475,42.000165846811946],[-87.93465521642665,42.0009018640331],[-87.9351438596553,42.0008891170171],[-87.9350947348461,42.00093785954585],[-87.93528753172353,42.00815143676576],[-87.93358035394853,42.00817352330428],[-87.93356294515235,42.00801853468061],[-87.93350555868868,42.0055649718181],[-87.9334838575971,42.00542357748758],[-87.93032578813046,42.00499510116792],[-87.93033310719488,42.005158011114546],[-87.92925081821326,42.004995710343046],[-87.92545334654149,42.0077145519771],[-87.92255936689511,42.00586605499697],[-87.92085739961647,42.003883057176516],[-87.9205953554767,42.00388539877619],[-87.9206124749294,42.00495159827136],[-87.91377083927011,42.00507469158701],[-87.91377038965415,42.008702812994535],[-87.9137511642867,42.008705539132905],[-87.91330991683954,42.00871874117818],[-87.91330550118431,42.006257825459656],[-87.913029850994,42.00626806787258],[-87.91302716782498,42.005088053575335],[-87.91133545278586,42.005118398348785],[-87.91133391459114,42.005095067958365],[-87.90827427685011,42.00520803678022],[-87.90827429625882,42.005227245297895],[-87.90767354613465,42.00524867436932],[-87.9076804792356,42.008920847707536],[-87.90574764132411,42.00898987586688],[-87.90238346770856,42.00809125838567],[-87.90238436888752,42.00791624128041],[-87.89916205356182,42.00704992069536],[-87.89835425974329,42.006793464218894],[-87.89756397829692,42.00649491710784],[-87.89598347840321,42.00578452514535],[-87.89598339336511,42.005646601283736],[-87.89576265850411,42.00565388371404],[-87.89576275109127,42.00587660204182],[-87.89530933842056,42.00566878382052],[-87.8942946680794,42.00570092953049],[-87.89434620666377,42.00270764955051],[-87.89354676330025,42.00273698326283],[-87.8935778788672,42.003332487862274],[-87.89322946379063,42.0033439030044],[-87.8932647275253,42.003941553697516],[-87.89188956242039,42.00398670262039],[-87.88999682264547,42.00322672798751],[-87.89026472925711,42.00285342854805],[-87.89038168113485,42.00284958624029],[-87.89038549235285,42.00230009613124],[-87.89435546933515,42.00216964486167],[-87.89435736203153,42.00205970970644],[-87.89923621869252,42.00189917755467],[-87.90240647333366,42.00361499535934],[-87.90240435703507,42.00402700076559],[-87.90406027768235,42.003972558323206],[-87.9040623755819,42.00356044296449],[-87.90311505930501,42.0034200974129],[-87.8995427729013,42.001476697908394],[-87.89744096156643,42.001546244287695],[-87.89745823992348,42.00053219520809],[-87.89297034661051,41.99991342916941],[-87.89081079367377,41.99957170310722],[-87.8907534310338,41.999609791743715],[-87.88982811481722,41.99944717877944],[-87.8893978790581,41.99938760046886],[-87.88675135174056,41.99886614613259],[-87.88496048355084,41.99846312151228],[-87.88495539305646,41.99829694730518],[-87.8845332689936,41.99819503649502],[-87.88454287429437,41.99509891930662],[-87.88035483757432,41.99522985241213],[-87.87691093072702,41.98566860573268],[-87.8758570475881,41.98570134678575],[-87.8758629970587,41.98293850389385],[-87.87489387455913,41.980247241008996],[-87.87502218106322,41.98024396112242],[-87.87373064160074,41.97665700059282],[-87.87588274067393,41.976603467127],[-87.87589258665999,41.973881414040434],[-87.87300847789422,41.973953035925554],[-87.87297617568791,41.97386322542897],[-87.8725760657764,41.97387320035545],[-87.87264599450572,41.97396244889746],[-87.86860487014906,41.97405370764532],[-87.86860732804409,41.973798585698894],[-87.86783745919878,41.97381517220552],[-87.8678392569307,41.97398252201822],[-87.86749189684822,41.973990552110926],[-87.86749285215339,41.97372799096872],[-87.86200878047116,41.97386501329571],[-87.86201957230072,41.9739845457767],[-87.8620079397157,41.974310427314855],[-87.86175798163818,41.975167624834896],[-87.86168371378895,41.97534931777547],[-87.86124454296436,41.976001181644996],[-87.86102050802066,41.976229374203356],[-87.86067487800408,41.97653867881556],[-87.85996441079403,41.976993430356096],[-87.85937924349658,41.97756570880761],[-87.85845581421383,41.97866415853029],[-87.85627391585393,41.980461597056],[-87.85603970829423,41.980806558660404],[-87.85587716983895,41.98109857962563],[-87.85578362103986,41.98169692163478],[-87.85578014155672,41.98216257146988],[-87.85597136350891,41.98280202643993],[-87.85623353406896,41.983481675752216],[-87.85657206656873,41.984146246836076],[-87.85663952247266,41.98431959704255],[-87.85664838648637,41.98443226309854],[-87.85664471802258,41.984662789482975],[-87.85657099342562,41.985022306640374],[-87.8564714762446,41.98536324095996],[-87.85636035748092,41.98599405686318],[-87.85630604720066,41.98615447669948],[-87.85608785724526,41.986617450239486],[-87.85587386439697,41.98715316204953],[-87.85558218855113,41.98773745233626],[-87.85553746884123,41.98794272457379],[-87.85556800006043,41.98818859514583],[-87.8556805435162,41.98866265914305],[-87.85576567097874,41.98892700462168],[-87.8558819795224,41.98913401722014],[-87.85537817235263,41.98897901363673],[-87.8548927701154,41.988871723572494],[-87.8542496473364,41.988754169556344],[-87.85392340400789,41.98871153477279],[-87.85326493558904,41.98865883826561],[-87.85128765923011,41.98857415433367],[-87.85019329544829,41.988475152648235],[-87.84924821770824,41.98835437900427],[-87.84672600415247,41.98797643050781],[-87.84670880377757,41.98786820846406],[-87.84505262734812,41.98762144223493],[-87.844733577789,41.98755825745859],[-87.8438362201698,41.98744400857345],[-87.83892490504958,41.98671473800334],[-87.83765727027082,41.98650696800415],[-87.83658091638158,41.98638387738429],[-87.83658091822316,41.98628165420285],[-87.83638195008926,41.98626715489793],[-87.83502701129323,41.9860740169618],[-87.83502760147377,41.986026654190695],[-87.82334724026775,41.984355263645355],[-87.82216370367286,41.99311193488937],[-87.82176957604098,41.99542765546824],[-87.8214044591901,41.99692182005146],[-87.82138102286727,42.00054604738952],[-87.82136563078632,42.0008645245581],[-87.82130834997237,42.007228770474505],[-87.82131801773555,42.00748141661219],[-87.82126874529195,42.009827454235314],[-87.82125346171976,42.011356861069274],[-87.81972900587553,42.01138559406251],[-87.81973052842065,42.01193344492654],[-87.82009826496645,42.011925594019694],[-87.82006889347802,42.01556963805371],[-87.82123064019184,42.015541291687896],[-87.82120978070296,42.01864128814043],[-87.80654723359577,42.018964582718894],[-87.80675917979454,42.000837367628314],[-87.80538846787495,42.000858701773694],[-87.80535523808936,42.00087771145333],[-87.8053459107387,42.001516262598884],[-87.80107812392603,42.001567628675176],[-87.80108609872298,42.000872435829926],[-87.79963228184789,42.00086988492617],[-87.79945464678104,42.0000299400096],[-87.79717051224274,42.00004150787699],[-87.79716951090157,42.000888598942744],[-87.79712424218921,42.000889057336465],[-87.79712422894423,42.00093965912243],[-87.79116628799369,42.00098014106353]],[[-87.8244264910557,41.9760747862071],[-87.82352826133115,41.98302551468878],[-87.82529714640783,41.982999143925845],[-87.82527130865485,41.981962752976145],[-87.82813595665222,41.98191979535276],[-87.828113330816,41.98387060832828],[-87.83308089150289,41.98378950915499],[-87.83312773226649,41.983772864524],[-87.83319402890639,41.98371426202582],[-87.83321106299891,41.983567906003486],[-87.83358349442216,41.98357111787339],[-87.83359590120276,41.982667842186196],[-87.83421037101618,41.98265634874415],[-87.83507161278025,41.98267474463807],[-87.83509199415776,41.98114887130982],[-87.83434964580901,41.98115580637041],[-87.83435111112155,41.98099965349109],[-87.83435523769356,41.98084605110067],[-87.8350958829931,41.98083546317895],[-87.83510037448546,41.98049520084923],[-87.82885945969092,41.98059977809214],[-87.82886118819899,41.98032514502695],[-87.82869139139324,41.9803279478517],[-87.82869565287814,41.97928573556921],[-87.82808178627002,41.97929115017801],[-87.82808244623124,41.9791249326283],[-87.82869622851305,41.97911960407498],[-87.82869526455535,41.978838998031385],[-87.82864026203998,41.978839937471626],[-87.82863885569758,41.9784395020282],[-87.82971693212097,41.97842321557724],[-87.82971062527605,41.97813147870954],[-87.83002312635713,41.978126153450795],[-87.83001938577709,41.97805889960109],[-87.83005429624345,41.97805814601957],[-87.83003984482475,41.977328879361814],[-87.82960729458283,41.977336208807735],[-87.82960423693038,41.97695912505324],[-87.83361886602172,41.976890612337485],[-87.8336222730392,41.97591846356156],[-87.8244264910557,41.9760747862071]]]}},{"type":"Feature","properties":{"ward":42},"geometry":{"type":"Polygon","coordinates":[[[-87.6268497363433,41.896695259254514],[-87.62682598642975,41.89569884163079],[-87.62817461586125,41.895678803793665],[-87.62815340381552,41.894876053736034],[-87.62275836365984,41.89496920853526],[-87.62264936955243,41.89093752534144],[-87.621629878257,41.89095555569615],[-87.62150325439583,41.89097986779497],[-87.61389367569537,41.89111014121055],[-87.61393536491539,41.892242708262614],[-87.61396225366606,41.89258272373699],[-87.61398491626154,41.89275278830979],[-87.61406559148084,41.89296178403343],[-87.61352429062931,41.89318944603576],[-87.61267118456915,41.893403304251656],[-87.61255483071062,41.89341286485297],[-87.6120301407902,41.89332688779024],[-87.6118512673287,41.89358202097326],[-87.61027136264687,41.89609787757857],[-87.61017819307348,41.89621397551781],[-87.61002733344125,41.896244007795154],[-87.60819403354431,41.89627566717604],[-87.60797647524394,41.89627292102671],[-87.607933717727,41.89626683295394],[-87.60790356571403,41.89624386484315],[-87.60787075313893,41.89625463446533],[-87.60760905120246,41.89624647770781],[-87.60674908525273,41.896267849871904],[-87.60668907876652,41.89623465017638],[-87.60655281567884,41.89623724423572],[-87.60655409164805,41.896283493638286],[-87.60586507561068,41.89629600848089],[-87.6058631024315,41.89624986359549],[-87.60572695223846,41.8962491945673],[-87.60566744369062,41.89628523343536],[-87.60518731086927,41.89628975007388],[-87.60496130701857,41.89633064613153],[-87.60421682327451,41.89632743138377],[-87.60249395087112,41.89637314737511],[-87.60242598373034,41.896371314759904],[-87.60236955447851,41.89634332062212],[-87.60234267490996,41.8962236666592],[-87.60231305140029,41.894672848594965],[-87.60231900167327,41.89417683829675],[-87.60229307051897,41.893313666262436],[-87.60235145438044,41.89326479935426],[-87.60982234630099,41.89314576461484],[-87.60979598492034,41.89222059937753],[-87.6009113461077,41.892365372816755],[-87.60091093242526,41.89240801648055],[-87.60078302764725,41.89244194195529],[-87.60071466462036,41.89244296077827],[-87.60059234605079,41.8924152044217],[-87.60058211361259,41.89224038625588],[-87.59854931882022,41.89227429747191],[-87.59852438770422,41.89145029008235],[-87.60056686457821,41.89141523459124],[-87.60056133750057,41.891111604447545],[-87.60071906003884,41.89107493253881],[-87.60088704909286,41.89110698657529],[-87.60088992685867,41.891150939625675],[-87.60953544570019,41.89101294734895],[-87.6094855311984,41.88938999341114],[-87.60766484503036,41.889369172338384],[-87.60764209809061,41.88935110825684],[-87.60763665637839,41.88928331979783],[-87.6076643834226,41.88925750584404],[-87.60770687816634,41.88925722606336],[-87.6076713499116,41.8892262387955],[-87.60765313369723,41.88867447636975],[-87.60756571716277,41.88867524202113],[-87.60751403602168,41.8886403378793],[-87.60566893979131,41.888665817181625],[-87.60543833360745,41.88867267122278],[-87.60543347339639,41.88870935892121],[-87.60519850957746,41.88871519538684],[-87.60514628323617,41.888676527811306],[-87.60473805943872,41.88868129245079],[-87.60469986198012,41.88866861912002],[-87.60467264047884,41.88862728291976],[-87.60469534485624,41.888584425014834],[-87.60473310705677,41.888569338149345],[-87.60513424145192,41.888559711759854],[-87.605213854297,41.88845374074018],[-87.60512956312756,41.88834749840965],[-87.60252377695241,41.88838596634334],[-87.6024662066467,41.88835889861503],[-87.60245915650111,41.88831357302034],[-87.60252188366535,41.88827489483951],[-87.60513615655167,41.88822940049471],[-87.60518428353166,41.888192410942864],[-87.60541301420767,41.88818875702801],[-87.60541110653313,41.88822306584244],[-87.60598726413136,41.88821703881204],[-87.60750595249344,41.888189654714495],[-87.60755830759004,41.88815529917018],[-87.60780657060695,41.88814888194764],[-87.60781038793806,41.88818485568693],[-87.60984644342295,41.88797042336222],[-87.60987900007522,41.88778992148347],[-87.60987909904924,41.887152900897554],[-87.6099000257145,41.887117742149215],[-87.60993643139982,41.88710693963609],[-87.60993848482975,41.88708768802094],[-87.60995751602917,41.885263987595145],[-87.60997877617093,41.88479706516478],[-87.60996957893686,41.88435728424511],[-87.60998588740009,41.88408032825921],[-87.61273610922389,41.884058513283016],[-87.61273866444459,41.88380806209688],[-87.6127585940823,41.883675146694124],[-87.61280549977799,41.8835302981808],[-87.61287757021343,41.88339134358542],[-87.61298340341406,41.883260584942164],[-87.61313833521821,41.883113560674836],[-87.61331309818088,41.882979556998116],[-87.61350579989887,41.88286004481972],[-87.61386086553212,41.882696628109734],[-87.61433752246735,41.88256563928128],[-87.61466847030243,41.88251587289271],[-87.61554521325036,41.88248315574072],[-87.61578953466586,41.88243632984897],[-87.6159952099915,41.88236146135034],[-87.6161244147311,41.882290973152934],[-87.61623845677711,41.88220713532649],[-87.61633485346081,41.88211174299827],[-87.61643209567092,41.88196374991204],[-87.61649676789708,41.88177927424493],[-87.61649765807945,41.881413775135286],[-87.61575364732379,41.88141653743066],[-87.61572212963466,41.880567490999724],[-87.61647767745617,41.88055681489488],[-87.61645807545027,41.87977746530845],[-87.616372269639,41.87977975670941],[-87.61633561774705,41.87782576426611],[-87.6163058874956,41.877819664307225],[-87.61627016697024,41.87741994760682],[-87.61619209332369,41.876014901745414],[-87.61617973492211,41.875320613226116],[-87.61619083708426,41.87462633427583],[-87.61622376650375,41.87395019295804],[-87.61624519620567,41.873948104728186],[-87.61622810575871,41.87327858451534],[-87.62420015170167,41.873161610620336],[-87.62431329113342,41.87796598380085],[-87.62431103875059,41.878611785057835],[-87.62433401305479,41.87885382227116],[-87.6243655208106,41.88009179119551],[-87.62435709510903,41.880522587086816],[-87.62433465699722,41.88078442593975],[-87.62434589457244,41.881425289872496],[-87.62438831135029,41.88297943040723],[-87.62445170702262,41.88447144513641],[-87.62412523838914,41.88443690644715],[-87.6238998452406,41.88443912191614],[-87.62391255995507,41.88576594070128],[-87.62517051519322,41.88573526229724],[-87.62611237045594,41.88572600116629],[-87.6262772911962,41.8857365990194],[-87.62624825102776,41.884495925228414],[-87.62945714038099,41.88448193953321],[-87.62942659798888,41.88342193718071],[-87.62943536691292,41.88321489025333],[-87.63240735299182,41.88320893038328],[-87.6324242872638,41.883862999223325],[-87.63387715365185,41.8838821169115],[-87.63512700006191,41.883875000321176],[-87.6353599489716,41.883828817225385],[-87.63529720160108,41.881278651052284],[-87.63234717452157,41.88131389188484],[-87.63225587651444,41.878133518358894],[-87.63956050818409,41.87804478370414],[-87.63966579462627,41.88121711364149],[-87.64117142033696,41.88119708214143],[-87.64131319302656,41.88569939842227],[-87.63966559496046,41.88572151102878],[-87.63819201141283,41.8857211249041],[-87.63820300014545,41.88580700009409],[-87.63845299958793,41.88611299987638],[-87.63914699987089,41.886843999902545],[-87.63923999993293,41.887113000071196],[-87.63968314847985,41.889056667944864],[-87.63974000018712,41.88923699994075],[-87.6398190005506,41.88935300048244],[-87.64017500004657,41.88963100028042],[-87.64072200005307,41.89018599969286],[-87.64112900066986,41.890750999941055],[-87.64128200024365,41.89107999929558],[-87.64147581763527,41.89138951973239],[-87.64117809876315,41.8914127532705],[-87.64126742842491,41.89162810800599],[-87.6414569374048,41.89190422242222],[-87.64157415835213,41.89204850654022],[-87.64192666189827,41.8923728598015],[-87.64213097243166,41.89259494463721],[-87.64245012779821,41.892868627054774],[-87.64271570795236,41.89303583916242],[-87.64294310904721,41.89321503331766],[-87.6432154400319,41.89337630209976],[-87.64355315330506,41.89353724991919],[-87.6437772210351,41.89388332714874],[-87.643811288151,41.893919151803225],[-87.6439769337803,41.89402168288156],[-87.64407483883426,41.89413912010304],[-87.64411665268307,41.89427430570024],[-87.64422160390669,41.89645465909492],[-87.63592252857396,41.89656942635747],[-87.63543785686517,41.89659112493932],[-87.6352103520653,41.8965807404756],[-87.63051734134707,41.896645722537656],[-87.63054956305699,41.8979778784589],[-87.62981546730832,41.89798888808561],[-87.62986454547628,41.89991172432205],[-87.62828973938754,41.89993699016828],[-87.6283563917044,41.90218030203313],[-87.62834985594638,41.90232306794573],[-87.62832099018243,41.90237276578716],[-87.62450684975883,41.90243807181716],[-87.62444905968975,41.902177539343604],[-87.62431321481714,41.90176956651894],[-87.62423390741796,41.901614859000055],[-87.62420763649142,41.90133861925171],[-87.6242277077296,41.900946437561515],[-87.62419006442629,41.90087494072296],[-87.62411765970477,41.90082047423933],[-87.6241765327961,41.9005991946599],[-87.62419260094106,41.90044986134318],[-87.6241418708805,41.89972647017591],[-87.62409540951914,41.89785047170732],[-87.62420137468688,41.89696438186227],[-87.62424255471943,41.89673394444031],[-87.6268497363433,41.896695259254514]]]}},{"type":"Feature","properties":{"ward":43},"geometry":{"type":"Polygon","coordinates":[[[-87.63182975888245,41.93305418270661],[-87.63182958104541,41.93296301848206],[-87.63138353004976,41.93296995112617],[-87.63138043027998,41.93280014842549],[-87.63140048819425,41.93269025495226],[-87.63147374577099,41.9326153197673],[-87.63159975546175,41.932579206961776],[-87.63181810302368,41.93258180350096],[-87.63182144839037,41.93244420184806],[-87.63139706685159,41.93243255173732],[-87.63125452740792,41.93239416699005],[-87.6312808656575,41.932418558681334],[-87.63115176282675,41.93257586485586],[-87.63107222256119,41.93259181665585],[-87.63105376465899,41.9325575658615],[-87.63111001518232,41.93253883726438],[-87.63123851378081,41.932386495474645],[-87.63103198984751,41.932292278514026],[-87.63085012179344,41.932166920084654],[-87.63073644004596,41.93198262962622],[-87.63068706670731,41.93186893062846],[-87.63067367174281,41.93177165057293],[-87.63069726116707,41.93159900043882],[-87.63078634301463,41.931388950590076],[-87.63095176250607,41.93081217786459],[-87.63099959051759,41.930407481039346],[-87.63101037564448,41.93008355601414],[-87.63099792701652,41.929899884031386],[-87.63091026555212,41.92932156285991],[-87.63083410445569,41.929013305539506],[-87.63074946995778,41.928818392326164],[-87.63069399490064,41.928602058504886],[-87.63048845578652,41.9282228110579],[-87.6303959995647,41.92808184805004],[-87.63061144234052,41.92799640082573],[-87.63052054003495,41.927857763979844],[-87.63032679710471,41.92762737924033],[-87.62998053525085,41.92729137015365],[-87.62979119524036,41.927078657992716],[-87.62963921867988,41.92680003873811],[-87.62961828668885,41.926718517634576],[-87.6295975043369,41.92657983529125],[-87.62960300231522,41.92635042267924],[-87.6296291310822,41.926223224384614],[-87.62966281419504,41.9261542762203],[-87.6297062698633,41.92609224847183],[-87.62987647307989,41.926160141106806],[-87.6301771744202,41.9258857769507],[-87.63025869659775,41.92579047529717],[-87.63027496896513,41.92574762813716],[-87.63025924451617,41.92528202890567],[-87.63019161539175,41.924677695426496],[-87.63008366884337,41.92415442404286],[-87.63008003806873,41.92403681104021],[-87.62993780214364,41.9235474682962],[-87.6299031306425,41.92348243727302],[-87.6297055979476,41.92329739142973],[-87.62958141436174,41.92319885412581],[-87.62927316816149,41.92299718579586],[-87.62900319958541,41.92274997577218],[-87.62838292943103,41.92311806652181],[-87.6283363065845,41.92307395562778],[-87.6292684854634,41.922520650045584],[-87.62930430530625,41.922551301862605],[-87.62948583455906,41.922440505976226],[-87.62947969787481,41.92239700024271],[-87.62942690702344,41.92228556282707],[-87.62925831587637,41.9220419666274],[-87.62898827124556,41.92169165703249],[-87.6288998736939,41.92160052855131],[-87.62885208269908,41.9214825076795],[-87.62867969786305,41.92129352589434],[-87.62853576795526,41.92103323109086],[-87.62775706949158,41.921404599197665],[-87.62772801520161,41.921397037918695],[-87.62770477853768,41.921368163666074],[-87.62876114801364,41.920857172858966],[-87.6287945970565,41.92088954073628],[-87.62893387822545,41.92082077333677],[-87.62891721217001,41.920729124228444],[-87.62868057965193,41.920288293946726],[-87.62855938828943,41.920121173801256],[-87.62842682942052,41.919977517573116],[-87.62817466955703,41.91978288630087],[-87.62795613005886,41.91950484337131],[-87.62735021440632,41.919799745972306],[-87.62732504025948,41.919746792890805],[-87.62836498528658,41.91923929779504],[-87.6283965284387,41.919271901686294],[-87.62841927325331,41.91925856781965],[-87.62843580376591,41.91923888175485],[-87.62842460321501,41.91917155352196],[-87.62829408855474,41.919024951171515],[-87.62815204148755,41.91880445853278],[-87.62789328619128,41.91852847420813],[-87.62749436419394,41.918218971718666],[-87.62735447729203,41.91800282735894],[-87.62683157665164,41.91830092609305],[-87.6268000822853,41.918251447101035],[-87.62785578620277,41.91764306560327],[-87.62789132213116,41.917672702360704],[-87.62791503847774,41.9176544065126],[-87.62790894609915,41.91760033550822],[-87.62758232992056,41.91721471392312],[-87.62735384807317,41.91705655840933],[-87.62708484122264,41.91683841328559],[-87.62693498328292,41.91669061986884],[-87.62684557150195,41.91656227177123],[-87.62677145561224,41.9165097844884],[-87.62670522575581,41.9164350092855],[-87.62609272712454,41.91683576408596],[-87.6260437281295,41.91679440881686],[-87.62681257560581,41.916285945108385],[-87.62663238484568,41.91613379249085],[-87.62628807798107,41.915757718860625],[-87.62608476577073,41.9156323718194],[-87.62592113421042,41.91558561782268],[-87.62580017023191,41.91552998721391],[-87.62564443068123,41.91536651432994],[-87.62545130864028,41.9152245196519],[-87.62509279064733,41.91489884556532],[-87.6248671464098,41.9147245397518],[-87.62454671367774,41.91454671243209],[-87.62433923154953,41.914384811756996],[-87.62402450468795,41.91417639331158],[-87.62319408520658,41.91377647627759],[-87.62290627540362,41.91368096657497],[-87.62242722871632,41.91357269221588],[-87.62173208486428,41.913528429472414],[-87.62116360267824,41.91358818778604],[-87.62101197644029,41.91364100537121],[-87.62077322683065,41.91377091891946],[-87.62061724110295,41.91379286435214],[-87.62055320522364,41.913759809916456],[-87.62052019796758,41.91371487547741],[-87.62048642423402,41.91361002888152],[-87.62049365107694,41.91356155469417],[-87.62056468030907,41.91343178287478],[-87.62057238140882,41.91337036030556],[-87.62044228625602,41.91348898032381],[-87.62037442464204,41.913575195520934],[-87.62029173626009,41.91370920382132],[-87.62021227266169,41.913906816439834],[-87.62018989270813,41.91408543534221],[-87.62020817007932,41.914555908996476],[-87.62023990515775,41.91462591894648],[-87.62030534934016,41.91470264313434],[-87.62046718275379,41.914794399004364],[-87.62061526954096,41.914822184265475],[-87.62074187142353,41.91481951272863],[-87.62084101573704,41.91479806346084],[-87.62095504976091,41.91474945785171],[-87.62098925838515,41.91478539896497],[-87.62087947074522,41.91483543277662],[-87.62077340021877,41.91486185936289],[-87.62066234020972,41.91487118723679],[-87.62049692276489,41.9148524319461],[-87.62037795607108,41.91480937759995],[-87.62029201428759,41.91475708730328],[-87.6201952935521,41.91465643243787],[-87.62015647630712,41.91457888680288],[-87.62014037759772,41.91449698149014],[-87.62013214544201,41.91405832052465],[-87.62016642231424,41.91385710689116],[-87.62022100424585,41.91371647503659],[-87.62029388431107,41.9135888828903],[-87.62038772815393,41.91346918444832],[-87.6205010826786,41.913359269445316],[-87.6207786356837,41.91317573020929],[-87.62115551063374,41.913027218064656],[-87.62158650629905,41.91293444497849],[-87.62220791786164,41.91288179098648],[-87.62252937109089,41.91281726186415],[-87.62293414468114,41.91267358209654],[-87.62329009013798,41.91247015883907],[-87.62466294318267,41.91141637744881],[-87.62468704702884,41.910851516194036],[-87.62470338648976,41.91079582774189],[-87.6248017099271,41.91062209351419],[-87.62501686999467,41.91042748362141],[-87.62509515201536,41.91026523262724],[-87.62511589374094,41.910180234727235],[-87.62514472613267,41.90981853164782],[-87.62508968549136,41.9091113341014],[-87.62501943551203,41.90854040209534],[-87.62480926051711,41.90752736283659],[-87.6245957885956,41.90699887888639],[-87.62357245935353,41.90407730707041],[-87.6237226846451,41.904049174453114],[-87.62500379657888,41.904001046341065],[-87.62584779947981,41.90398759452859],[-87.62584083968568,41.904902037847485],[-87.62871026439143,41.90485436457404],[-87.62877287829507,41.90659884438489],[-87.628786591438,41.9080044414582],[-87.62888562417793,41.911223007566925],[-87.63100570934806,41.9111891842382],[-87.63138196673752,41.91119776931426],[-87.63168235155709,41.91118052890782],[-87.63171176990109,41.91129160660086],[-87.63186089968048,41.91155267058809],[-87.63281457097706,41.91310764035419],[-87.63291344894031,41.913070473570684],[-87.63306919586367,41.91297962980915],[-87.63311497985897,41.91291066242112],[-87.63838241163064,41.91282331171017],[-87.63877777213426,41.912876195549515],[-87.63977491651767,41.9128645446297],[-87.63986089957989,41.912874731745184],[-87.63980635988075,41.911096804877026],[-87.64306359882795,41.91104328567232],[-87.64361512009512,41.91100492411696],[-87.64435615713003,41.91098676000089],[-87.64444886647719,41.91388576143116],[-87.64836123578198,41.913827162279865],[-87.64827157340306,41.910919619702796],[-87.64950135467393,41.91090048646488],[-87.65320541147914,41.91355983856747],[-87.65321230393802,41.913734790300985],[-87.65339555059343,41.91369543876237],[-87.65828012022459,41.917193960765495],[-87.65821405333219,41.91728029622674],[-87.65820343083644,41.917343433699315],[-87.65827908575505,41.91984698534081],[-87.65706737859128,41.91986707685665],[-87.65712567418203,41.92167999276421],[-87.65833494855077,41.92166144216534],[-87.65839416734066,41.923476621287946],[-87.65718665420448,41.92349536109294],[-87.65722848413621,41.9248121434642],[-87.65724882172263,41.92531179371081],[-87.6584533871608,41.92529161345386],[-87.65853433496235,41.927993354249445],[-87.65871047917963,41.932556206513766],[-87.64986950300548,41.93270036197926],[-87.6380893032005,41.932932322988336],[-87.63734572909304,41.93293119342901],[-87.63623951687332,41.932854065796285],[-87.6361898765173,41.93297075898629],[-87.63182975888245,41.93305418270661]]]}},{"type":"Feature","properties":{"ward":44},"geometry":{"type":"Polygon","coordinates":[[[-87.65684000658891,41.952572110810785],[-87.65680645290765,41.951086731753584],[-87.65323484064666,41.951143625809905],[-87.65317327897375,41.949061763888594],[-87.64954158697878,41.949115002811446],[-87.64942985050739,41.94546126484843],[-87.64921890931352,41.945439777711556],[-87.64631324779516,41.94546589630719],[-87.64614785162901,41.94550178312233],[-87.64573955964441,41.94484114025138],[-87.6420004530278,41.94610910406043],[-87.64179723542811,41.946159926518725],[-87.64220671030796,41.94687217745875],[-87.64206225078166,41.94702458629814],[-87.64098599984948,41.947369999802206],[-87.6407434238908,41.94761758516729],[-87.63823884811909,41.948207487201],[-87.6380363245517,41.94826724654733],[-87.63790566956835,41.94801319059812],[-87.63754603211429,41.947433339193346],[-87.63688469731369,41.9465557075729],[-87.63648965826738,41.94607808297003],[-87.63625294072166,41.94576362094624],[-87.63499461597713,41.944407123442524],[-87.63316416081264,41.94274263694853],[-87.633051159897,41.94261958382595],[-87.63301001349335,41.94254819051868],[-87.63299551653134,41.94247980660087],[-87.63302759433307,41.942334871643666],[-87.63308170005561,41.94226690525595],[-87.63315470586807,41.9422132829317],[-87.6332542051681,41.94217689598195],[-87.63342071815768,41.94214593683018],[-87.6338695920618,41.94140361429568],[-87.63385325825514,41.94134434953768],[-87.63385594040686,41.94109894375594],[-87.63388243573695,41.94072539396547],[-87.63385627288004,41.94038499045798],[-87.63373330253089,41.940016107529416],[-87.63355374194964,41.93935683604216],[-87.63330640690904,41.938747350779416],[-87.63305099539511,41.93819359300015],[-87.63298504721368,41.938076058529205],[-87.63236514203398,41.93738063101327],[-87.63229203178673,41.93723516193391],[-87.63242555873971,41.9371822084435],[-87.63229373991817,41.93691042005769],[-87.63223642164446,41.936697473862274],[-87.63218798304511,41.93647574780233],[-87.63220604209367,41.9363873842876],[-87.6321697554257,41.936136642695864],[-87.63210056054392,41.93584042241712],[-87.63204290655668,41.93575225372299],[-87.63202766681478,41.935687288131426],[-87.63195983881059,41.935595135404206],[-87.63191950942671,41.93548226563091],[-87.63187484076656,41.93544651066357],[-87.63172147407629,41.935188166006185],[-87.63159215141611,41.93504656827379],[-87.63144812268708,41.93481157999825],[-87.63070741547624,41.93391441005125],[-87.63050377575105,41.93374678232723],[-87.63044280932964,41.93366614001121],[-87.63042364347358,41.93350386656741],[-87.63047162747567,41.933327735734686],[-87.63053027213029,41.93321478521596],[-87.63061245013948,41.93316435551246],[-87.63071269387437,41.93306195028651],[-87.63070472092919,41.93270660879939],[-87.63069151697341,41.93258366955909],[-87.6306615905277,41.93255456144179],[-87.63066379761574,41.93253440480535],[-87.63070870003685,41.932521590563546],[-87.63076184670712,41.93256815594623],[-87.63077251472967,41.93302590150712],[-87.63073083317323,41.933036458541665],[-87.63073061248495,41.93306326818322],[-87.63089825469079,41.93299448125718],[-87.63109969799207,41.932970136842776],[-87.63182958104541,41.93296301848206],[-87.63182975888245,41.93305418270661],[-87.6361898765173,41.93297075898629],[-87.63623951687332,41.932854065796285],[-87.63734572909304,41.93293119342901],[-87.6380893032005,41.932932322988336],[-87.64986950300548,41.93270036197926],[-87.65871047917963,41.932556206513766],[-87.6589685850161,41.93983803819245],[-87.66382092616092,41.939764881110875],[-87.66383290094625,41.940219266457994],[-87.66444777780144,41.94021179866598],[-87.66447403524023,41.941490698993626],[-87.66453953478332,41.943408264267696],[-87.6651321511479,41.94339887332851],[-87.6651426085563,41.94378699226283],[-87.66574741767856,41.94378099313464],[-87.6658176409866,41.946541674980416],[-87.66642634512712,41.946530336191344],[-87.66653019704539,41.95067393982403],[-87.6641181634995,41.9507113515076],[-87.66416875551991,41.9525334316996],[-87.66082656810016,41.95258115156098],[-87.66224996082232,41.95437810497724],[-87.65679197676974,41.954451508803714],[-87.6568479672584,41.95397192352534],[-87.6568106531694,41.95270579976466],[-87.65684000658891,41.952572110810785]]]}},{"type":"Feature","properties":{"ward":45},"geometry":{"type":"Polygon","coordinates":[[[-87.77334506152506,42.011948985913314],[-87.77035947702211,42.00619408650113],[-87.76994862179572,42.00637562959701],[-87.76919792690268,42.00491362396253],[-87.76579496959653,42.0033252383547],[-87.76546688079668,42.00373539414649],[-87.76754347346585,42.00470553824916],[-87.7674618682885,42.00832165104596],[-87.76166410878571,42.00827231504671],[-87.76185849971554,42.0035430931909],[-87.76188538424668,42.003239938581785],[-87.76195345158015,42.002656809979946],[-87.76199316623277,42.00248938986436],[-87.76227014354464,42.00168724611505],[-87.7614332621116,42.00131598433127],[-87.75865257362958,42.0000178693212],[-87.75661975058479,41.999048195275336],[-87.75636676950555,41.998944345572575],[-87.75546545799043,41.9985240033794],[-87.75444325223407,41.99804022165728],[-87.75434785945107,41.99797744441022],[-87.7529056374662,41.99730143522858],[-87.7597561495145,41.997328854720166],[-87.76480274792362,41.99732971044009],[-87.76576783783177,41.997349002988685],[-87.76632461176844,41.997329087898265],[-87.76710341209767,41.99727187384613],[-87.76804143457629,41.99724342889676],[-87.76949354667518,41.99715523697393],[-87.77032998797797,41.99713988633845],[-87.7710107073035,41.997153431699324],[-87.77169896008799,41.99718901742243],[-87.77404451388749,41.99738943486716],[-87.77548351227966,41.99744166108988],[-87.77661926480552,41.997443388030305],[-87.78241669443683,41.997389553141936],[-87.78330219105435,41.99739797062356],[-87.78744311605726,41.997355937977154],[-87.78744759853335,41.99704243458268],[-87.78747986268516,41.99669360847352],[-87.78760024525825,41.990166015610875],[-87.78747686906827,41.990129824722054],[-87.78643583459645,41.990117684367156],[-87.78577430797452,41.99013917372262],[-87.77873271357633,41.99020690561074],[-87.77789112137698,41.99020239547496],[-87.77789518053548,41.98996147795964],[-87.76958841099167,41.98567175495302],[-87.76396349961274,41.9827463369823],[-87.752150181113,41.97550056439551],[-87.74791173475836,41.97288067421165],[-87.74788566794837,41.97059750291034],[-87.74786316351111,41.969938805849964],[-87.74782567959768,41.96939849937717],[-87.74778000039805,41.96915399999779],[-87.74756500043286,41.96861799982364],[-87.7475590000536,41.96853500029855],[-87.74772179607407,41.96802872325168],[-87.74772453809737,41.967083490764345],[-87.7476355999161,41.96451709217378],[-87.74759541375967,41.9642397765203],[-87.74741488965144,41.96383312361537],[-87.74706180887767,41.96316993892982],[-87.74698145893693,41.96299464043457],[-87.74696302292597,41.96290003595877],[-87.74701011364374,41.96279281310058],[-87.74737564164037,41.962430330213365],[-87.74671500023031,41.962023000089715],[-87.74456794056158,41.960755149661956],[-87.74353443042874,41.96076815399065],[-87.74331652100972,41.960655439312184],[-87.74166989226082,41.95964269556489],[-87.73941376776263,41.958302106777786],[-87.73876269527503,41.95794865778793],[-87.73750361508819,41.95722015628862],[-87.73527154225351,41.955966848107224],[-87.73477480068136,41.95575646760786],[-87.73396073011357,41.955320692971036],[-87.73093906881537,41.953618454360196],[-87.72761716348735,41.95364778851127],[-87.72766871994327,41.95547651426438],[-87.7228119377102,41.95554067821464],[-87.72273877246693,41.95551035043113],[-87.72205135504966,41.955029366930276],[-87.72190145384553,41.95503092577715],[-87.72152463879105,41.955036218266244],[-87.72154017638434,41.9555599981071],[-87.71786681192457,41.955607988625154],[-87.71776047176702,41.9519582171508],[-87.7186536999321,41.95195773679748],[-87.72508443266733,41.95186864319342],[-87.72505800515874,41.95192236188834],[-87.72508140468369,41.95275823703997],[-87.72758816945343,41.95272195668374],[-87.72753183022151,41.950905524026474],[-87.72801012891443,41.95119450247221],[-87.72913746332935,41.951832574878246],[-87.73241993345576,41.95178458654003],[-87.73247349078778,41.95359677328639],[-87.74252600042519,41.95347396451975],[-87.74255699964118,41.953103000316595],[-87.74252499994957,41.95300699989546],[-87.74243000044412,41.9498379996349],[-87.74267113710196,41.94983819065341],[-87.74266055519298,41.94937688814737],[-87.74656607005724,41.94932090024253],[-87.74657888686117,41.94977961189067],[-87.74888686368922,41.949749885654995],[-87.74976043385381,41.949738164645304],[-87.74974425514185,41.94928495526723],[-87.75211651853422,41.94925349388987],[-87.75218279296666,41.95151240535075],[-87.75709043789905,41.95145225050201],[-87.75710420290716,41.95190193803259],[-87.75956514691474,41.95187280086209],[-87.75961053825338,41.95327156588238],[-87.75223939418406,41.95336010003142],[-87.75230162966822,41.955185218900056],[-87.75219253885231,41.95518604246586],[-87.75229672585093,41.9554660235404],[-87.75236141894972,41.955831633215034],[-87.75236609940346,41.95618258699151],[-87.75233453589966,41.95647248866949],[-87.75278820135541,41.95700408986515],[-87.75207222974446,41.957012656823274],[-87.75246592190089,41.95746518836072],[-87.75728371497043,41.95740538603357],[-87.7573258338963,41.958776381452736],[-87.76718374261365,41.958656420775554],[-87.76739153768703,41.96504492938707],[-87.77716530134164,41.964915779608404],[-87.77716131294227,41.964779318880375],[-87.78197600824754,41.96471132186464],[-87.78196592207124,41.966600932696636],[-87.77723056165166,41.96666816549642],[-87.77726831208295,41.967649467243284],[-87.7782344168903,41.96853291996047],[-87.78559023365226,41.968441837339206],[-87.78544604367123,41.97550582749521],[-87.78589586707473,41.975656222357415],[-87.78666313962265,41.975655432739785],[-87.78653373797805,41.98206861319185],[-87.78775172911537,41.98206114000675],[-87.78762607125192,41.98877455533021],[-87.79537810387048,41.993106498876436],[-87.79482017526226,41.99367383329267],[-87.79472735583153,41.99369525683921],[-87.79170008631237,41.9937118557096],[-87.79165151532355,41.99376431718931],[-87.79229783428546,41.99719302964257],[-87.79230967679257,41.997323579487144],[-87.79088815326612,41.99733076932014],[-87.79087156851976,41.99888778234719],[-87.79021630653737,41.99890339903358],[-87.78958224342416,41.99922941835523],[-87.79064803298677,42.000399145357434],[-87.78200312935353,42.00449771050737],[-87.78223570069453,42.00464979450433],[-87.78255126264865,42.00489384189468],[-87.78276919435254,42.00508500423884],[-87.78310268082303,42.0054225473596],[-87.7875228870576,42.01059097718151],[-87.7876031287953,42.010557996329815],[-87.78882191176918,42.01199529501359],[-87.7877860483191,42.01200818313716],[-87.78661799934481,42.0119916869006],[-87.78153783733362,42.01200913352548],[-87.77926624623291,42.01199172871165],[-87.77914781050806,42.01356523767637],[-87.77910377148837,42.015441939479835],[-87.77697221653963,42.01538557983781],[-87.77705324523198,42.01198233628153],[-87.77334506152506,42.011948985913314]]]}},{"type":"Feature","properties":{"ward":46},"geometry":{"type":"Polygon","coordinates":[[[-87.64521285239933,41.96973539157894],[-87.64429753841335,41.969896789745675],[-87.64367189489127,41.96923956678358],[-87.64314572407301,41.96877307306176],[-87.64262750060081,41.96835423670727],[-87.64274414817602,41.96827162489629],[-87.64301256691637,41.96849436764086],[-87.64327193036968,41.968305807583015],[-87.64296523809683,41.96805536720933],[-87.64289970744177,41.9680352415552],[-87.64280244541425,41.96804577111],[-87.64261553297165,41.96816517166819],[-87.6426688974789,41.968215410455116],[-87.64255778242303,41.968296244022234],[-87.64197256715764,41.96783004862114],[-87.64167850310395,41.96762325847785],[-87.64048626556189,41.96692491442254],[-87.63900033911179,41.96656791747972],[-87.63742632788697,41.96603534198635],[-87.63644001222573,41.965781695181114],[-87.63587046996535,41.96566797340283],[-87.6350941818765,41.96554006735685],[-87.63452878088172,41.96548528332578],[-87.63409581029447,41.965482317523744],[-87.63297965672835,41.965358583931966],[-87.63257873747203,41.96525622093713],[-87.63199476175619,41.965068382234314],[-87.63201696267619,41.96562215966535],[-87.63199603753424,41.96593097459008],[-87.63192068383186,41.96639126651211],[-87.63184142266155,41.96669475693271],[-87.63169467880404,41.967106341371476],[-87.63155355021317,41.96741480496602],[-87.63130068946614,41.967865777645756],[-87.63100048136448,41.96830153266221],[-87.63096173799524,41.96842075098213],[-87.63097155801746,41.968504343372324],[-87.63102905898039,41.968622339935784],[-87.63109847660863,41.96868996946111],[-87.63118446326997,41.968738821333986],[-87.63138809564754,41.968789955499275],[-87.6315350219975,41.96878456948751],[-87.6316323370027,41.9687595887623],[-87.63179216099651,41.968664381834806],[-87.63184638069352,41.96859909824163],[-87.63188824143751,41.96850723169036],[-87.63189677952876,41.96842956765578],[-87.63188188702985,41.96835241949875],[-87.63184433163474,41.96827971552512],[-87.63175073265882,41.96818743267714],[-87.63182002065695,41.96814617186031],[-87.63191401084823,41.968239747211],[-87.63196395929491,41.968329100991454],[-87.63198366348686,41.968413469443426],[-87.63196935486246,41.96854120681439],[-87.63190396153664,41.96865971253446],[-87.63177498222778,41.968768885812956],[-87.63162477800338,41.96883177036548],[-87.63139856448036,41.96885791134115],[-87.63122992171611,41.96883193473752],[-87.6310796248425,41.968769188229444],[-87.63094630691259,41.96865728763442],[-87.63088210516729,41.968539992799535],[-87.63086904127921,41.96841367895856],[-87.6309094875474,41.9682883767777],[-87.63116947563057,41.96792724178407],[-87.63134747936282,41.96762956861474],[-87.6315037158375,41.96732517619215],[-87.6316378038227,41.96701496890351],[-87.63179751356276,41.96653096223],[-87.63186385989651,41.96622829774872],[-87.63190691728778,41.96592326801659],[-87.63192739262139,41.96545775651908],[-87.63189119625045,41.96494974901449],[-87.63180625596341,41.96449407584465],[-87.63167404362054,41.96403846930081],[-87.63141415529697,41.96386900017734],[-87.63121986978923,41.96368467023966],[-87.6310669150818,41.96346091086579],[-87.63099581722116,41.963231547862684],[-87.63101489008268,41.962984421998705],[-87.63103624309768,41.96290213844007],[-87.63107378611095,41.96283521626422],[-87.63131415800801,41.96254671065003],[-87.63145423643749,41.96245294359343],[-87.6317256470852,41.96231724589602],[-87.63220775700198,41.962189990308524],[-87.6328893734599,41.96191353952953],[-87.6334628086234,41.96174593211403],[-87.63368542216064,41.96163530350915],[-87.63385385789071,41.961531441675525],[-87.63422353012517,41.9613838536308],[-87.6345741081199,41.96114624503214],[-87.63485102353697,41.960913180426175],[-87.6352909829209,41.9604563478099],[-87.63558823958897,41.960198432666665],[-87.63599304514982,41.95989621756482],[-87.63631640811099,41.959698394817934],[-87.6366393338497,41.95954052596312],[-87.63690116534663,41.95946219963654],[-87.6374576320995,41.9593656806756],[-87.63793967787792,41.95934362817853],[-87.63872871046654,41.95939835132083],[-87.63932989943102,41.95949688527268],[-87.63977033614289,41.95960942922419],[-87.6400987505341,41.959670285219715],[-87.64030032646532,41.9591921872427],[-87.6403687514876,41.95920656166302],[-87.64016089210772,41.959689274718336],[-87.64047162574576,41.95978189451379],[-87.64066692516427,41.95988312376429],[-87.64080307271696,41.95997701563856],[-87.64093753428558,41.96022679080932],[-87.64096714521584,41.960371229871726],[-87.64094715756171,41.96048977438019],[-87.64086125416426,41.960649803683204],[-87.64073507908584,41.96078632189501],[-87.64065666952112,41.96083005675076],[-87.64050876893687,41.960880474901],[-87.64037769633738,41.96090399629543],[-87.64026367413892,41.960894473094314],[-87.6401216921057,41.960832281928816],[-87.6396827319314,41.9605844361481],[-87.63932353794425,41.96040306855501],[-87.63907496619542,41.96032758209182],[-87.63882159934677,41.96028749399462],[-87.63847163106072,41.960275908501984],[-87.6381653125033,41.96030761563789],[-87.63786222706047,41.960359786191766],[-87.63764332204893,41.960403244922794],[-87.63731905105371,41.96049323808973],[-87.63703130377554,41.96060205714027],[-87.63676861673223,41.96072573707644],[-87.63639086393161,41.9609356257048],[-87.63606577698164,41.96117086117085],[-87.63582978881614,41.96138449079347],[-87.63556513789582,41.96169451488219],[-87.63539567674562,41.96194361837751],[-87.63534703493666,41.96203783366809],[-87.63532594398964,41.962134219675995],[-87.63533008585482,41.96230723833461],[-87.6353739061021,41.962429129121645],[-87.6355100925436,41.96261475105128],[-87.63562527817945,41.962709907208776],[-87.63572601150285,41.962768338397694],[-87.63592262620914,41.96284455995512],[-87.63612867672279,41.96287479032018],[-87.63631013238742,41.962887939431674],[-87.63684601828533,41.96287565928642],[-87.63790693436928,41.962753881272],[-87.63789166806448,41.96269358117982],[-87.63836422022335,41.96264229972151],[-87.63837500285246,41.96269552034352],[-87.6412496734336,41.9623377903227],[-87.64163946522787,41.96222388461494],[-87.64185142667677,41.962098653697176],[-87.64206436941522,41.96190968057312],[-87.64217011007361,41.96176037389321],[-87.64224003835606,41.96162130704683],[-87.6422759220064,41.96151589836918],[-87.64229598044913,41.96137106989683],[-87.64228191999264,41.96118542225163],[-87.64223334705427,41.96103258007859],[-87.64219566893193,41.96095702370982],[-87.6419492190631,41.96067793623642],[-87.6416730603024,41.96044353709756],[-87.64159571812795,41.96034685934744],[-87.64152509214763,41.960183428467104],[-87.64152179148871,41.96009090075491],[-87.64161309358559,41.959396453293586],[-87.64102186505957,41.95935112243317],[-87.64102564745126,41.95929722187771],[-87.64162912992445,41.959331155465165],[-87.641745141517,41.958364302940346],[-87.64158208401274,41.95766412273711],[-87.64152714602022,41.957151775713804],[-87.64142416085743,41.95659153148182],[-87.64134718670225,41.956291372417255],[-87.64128800022864,41.95585614063367],[-87.64101250223287,41.954761077858066],[-87.64084524743396,41.95424972842572],[-87.64078151791357,41.95417678739002],[-87.6406681341193,41.95389196760575],[-87.64059164140843,41.95361245085643],[-87.64048680803808,41.95360062536554],[-87.64022386454722,41.95288761969491],[-87.63979235352453,41.95190041182818],[-87.63863742795162,41.94942907504139],[-87.6380363245517,41.94826724654733],[-87.63823884811909,41.948207487201],[-87.6407434238908,41.94761758516729],[-87.64098599984948,41.947369999802206],[-87.64206225078166,41.94702458629814],[-87.64220671030796,41.94687217745875],[-87.64179723542811,41.946159926518725],[-87.6420004530278,41.94610910406043],[-87.64573955964441,41.94484114025138],[-87.64614785162901,41.94550178312233],[-87.64631324779516,41.94546589630719],[-87.64921890931352,41.945439777711556],[-87.64942985050739,41.94546126484843],[-87.64954158697878,41.949115002811446],[-87.65317327897375,41.949061763888594],[-87.65323484064666,41.951143625809905],[-87.65680645290765,41.951086731753584],[-87.65684000658891,41.952572110810785],[-87.6568106531694,41.95270579976466],[-87.6568479672584,41.95397192352534],[-87.65679197676974,41.954451508803714],[-87.66224996082232,41.95437810497724],[-87.66082656810016,41.95258115156098],[-87.66416875551991,41.9525334316996],[-87.6641181634995,41.9507113515076],[-87.66575153800379,41.95068602143428],[-87.66576339424576,41.951138269474455],[-87.66897065663157,41.9510970221946],[-87.6690488606186,41.95429035428986],[-87.66421530950424,41.95435490075211],[-87.66429662657163,41.95727755826296],[-87.66425807249774,41.957620744305046],[-87.66447119078597,41.957955818217954],[-87.66484546744688,41.958803214333884],[-87.66518635485471,41.95962755546027],[-87.66590570220632,41.961472746018075],[-87.66598649678389,41.96174601701734],[-87.66749666120914,41.96890048914182],[-87.6612673628866,41.96900138860084],[-87.66104646544504,41.96901903361903],[-87.66107500021688,41.96912799985708],[-87.66104099942685,41.96924399968021],[-87.66110694842865,41.971439194961064],[-87.65973647557614,41.97145841122181],[-87.65945809863904,41.97151442724119],[-87.65487664538145,41.97158057294287],[-87.6540513574476,41.97164853811144],[-87.65403542625704,41.97162511818193],[-87.65395328285622,41.9715931557775],[-87.65041912824155,41.97164002366497],[-87.6499367152856,41.970209592226574],[-87.6496356757677,41.96917487276646],[-87.64521285239933,41.96973539157894]]]}},{"type":"Feature","properties":{"ward":47},"geometry":{"type":"Polygon","coordinates":[[[-87.65986612826194,41.97632276322761],[-87.65976791001175,41.97267625333766],[-87.66114028247796,41.97265246430216],[-87.66104099942685,41.96924399968021],[-87.66107500021688,41.96912799985708],[-87.66104646544504,41.96901903361903],[-87.6612673628866,41.96900138860084],[-87.66749666120914,41.96890048914182],[-87.66598649678389,41.96174601701734],[-87.66590570220632,41.961472746018075],[-87.66518635485471,41.95962755546027],[-87.66484546744688,41.958803214333884],[-87.66447119078597,41.957955818217954],[-87.66425807249774,41.957620744305046],[-87.66429662657163,41.95727755826296],[-87.66421530950424,41.95435490075211],[-87.6690488606186,41.95429035428986],[-87.66897065663157,41.9510970221946],[-87.66576339424576,41.951138269474455],[-87.66575153800379,41.95068602143428],[-87.66653019704539,41.95067393982403],[-87.66642634512712,41.946530336191344],[-87.6658176409866,41.946541674980416],[-87.66574741767856,41.94378099313464],[-87.6651426085563,41.94378699226283],[-87.6651321511479,41.94339887332851],[-87.67603112680123,41.94324697211859],[-87.67608032411114,41.94506250368338],[-87.6797149622082,41.9450254110305],[-87.67975151282745,41.94637664801217],[-87.68096893209778,41.94635826713004],[-87.6809812787037,41.946831483780784],[-87.68825771828546,41.94673081030085],[-87.68808031832131,41.94060513518567],[-87.68799279675284,41.9368765952986],[-87.68798678840396,41.93610394093644],[-87.68814979854614,41.93619537380877],[-87.68852681866818,41.9364467218908],[-87.68891239140859,41.936498365294284],[-87.68924836679375,41.93651517891703],[-87.68998633469643,41.93661772358355],[-87.69011465099601,41.93667513825812],[-87.69036736887955,41.93686524638789],[-87.69041339066725,41.93690493867364],[-87.69071708130478,41.93739944583193],[-87.69078107166949,41.937542091641376],[-87.69087243030724,41.937854455606924],[-87.69105685562208,41.9382396512452],[-87.6913970295817,41.93868175325757],[-87.69142791217664,41.938699242013534],[-87.69148630601163,41.93879180212737],[-87.69166962987653,41.938924603969845],[-87.6919025150605,41.939000766989906],[-87.69193519500475,41.9390296548558],[-87.69207908850409,41.939084848586575],[-87.69223359328095,41.939177780301435],[-87.69234275907264,41.93921774153275],[-87.69244347469,41.93931245782833],[-87.6924385998,41.93938081716826],[-87.69266159993064,41.93945717105913],[-87.69279425386796,41.939522729724686],[-87.69305950798297,41.93977695144432],[-87.69337747624056,41.93998648846852],[-87.69346672516909,41.94009606925515],[-87.69352866049591,41.94013623250243],[-87.69363310804529,41.94025506323335],[-87.6936698608892,41.94036185293882],[-87.69383242357289,41.94056863028232],[-87.69387038200665,41.94069469104278],[-87.6939466277385,41.94078888617253],[-87.69408237939604,41.941023174746626],[-87.69417589429801,41.94112171903661],[-87.6943105655363,41.941339124588545],[-87.69445825535857,41.941511844205266],[-87.69459139081947,41.941699164375244],[-87.69527864253931,41.94276631472446],[-87.69542825186058,41.943204244595485],[-87.69548115944465,41.94357901537205],[-87.69618841106336,41.94657265555721],[-87.69622117883007,41.94701783967195],[-87.69631060742591,41.947384002743725],[-87.69633893501617,41.94761072196862],[-87.6963716881948,41.94773623249008],[-87.69646617569734,41.9479488566774],[-87.6966019656123,41.948517909647144],[-87.69670858565368,41.94904456613416],[-87.69679079461977,41.9495570104642],[-87.69682815486222,41.94969253462951],[-87.69686355923712,41.95000625763125],[-87.69683994686491,41.95024023525995],[-87.69676809262928,41.95043467658132],[-87.69653765266185,41.95085040938687],[-87.69640239847249,41.95102477344764],[-87.69624983022572,41.951269253555594],[-87.69611828476582,41.9515583669775],[-87.69597106344709,41.95183405661362],[-87.69591705693709,41.9519044750523],[-87.69579005036165,41.95215829599702],[-87.69549659203417,41.95261412575851],[-87.6953977920988,41.9527118199814],[-87.69507261699052,41.9531070728097],[-87.6946471610673,41.9536814853932],[-87.69458438230382,41.9538090991752],[-87.6945546869739,41.95392229723957],[-87.6945069903112,41.95420731948275],[-87.69448370608639,41.9544773303815],[-87.69444273559813,41.954659318407415],[-87.6944376158634,41.95493993990825],[-87.69444473816168,41.9550219491915],[-87.69447313108692,41.955053968068015],[-87.69446548439483,41.95537046984582],[-87.69444848343946,41.95539414035117],[-87.69443012970332,41.955516539812926],[-87.69439259927202,41.955880295631886],[-87.69439203726245,41.956376590341414],[-87.69437029970786,41.956544878757285],[-87.69436657953626,41.95682528467042],[-87.69427449508653,41.95684977159356],[-87.69426710488615,41.957030244769605],[-87.69437611325644,41.95705966565176],[-87.69437559829134,41.957423956888405],[-87.69433995708171,41.95767946384808],[-87.6943425800675,41.95785121091887],[-87.69440179409625,41.958073547343346],[-87.69445636766753,41.95861703965473],[-87.6945800339984,41.959203808914836],[-87.69459767630309,41.959392132631145],[-87.69458552528404,41.959640635156454],[-87.6946647352246,41.96005517688365],[-87.69468119507856,41.96035084743853],[-87.69467327266477,41.960562573400125],[-87.69470348054406,41.96110153981486],[-87.69475904611917,41.96131408617013],[-87.69484531160742,41.961475321515636],[-87.6950132707478,41.961902101206526],[-87.6950722891811,41.96198991519928],[-87.69508842313537,41.962090141282225],[-87.69518006461662,41.96221389313842],[-87.6954063786295,41.96278827775569],[-87.69562386261246,41.96317916453586],[-87.69597174726992,41.963561168387166],[-87.69605055374875,41.963681637693625],[-87.69667256935563,41.96428782644613],[-87.69693007993693,41.9645744053813],[-87.6970375313004,41.964721101791866],[-87.69729171349924,41.96491026931088],[-87.69757316487039,41.965174860142604],[-87.69785846329529,41.9654632366405],[-87.69831242451613,41.96588528359084],[-87.69847197484653,41.966077409262795],[-87.69859628990828,41.96619981924659],[-87.69746299983292,41.966209999567376],[-87.69747167115614,41.96627005988195],[-87.69766610435414,41.966404340191964],[-87.69798425037965,41.966710159289036],[-87.68902922340521,41.96678176489951],[-87.68884838213513,41.96675825064067],[-87.68896461349809,41.97041223534247],[-87.68540802087001,41.97048570949062],[-87.67923885140226,41.97057353340557],[-87.67929591881901,41.97239773506536],[-87.67630854565658,41.97244460724525],[-87.67632328479665,41.973313970745274],[-87.67495652742465,41.97334649058175],[-87.6747469901551,41.97336400380389],[-87.66956039187856,41.97343570277849],[-87.66957684245486,41.974339401715405],[-87.66820802315243,41.97436578984672],[-87.66841697192183,41.976190594255556],[-87.65986612826194,41.97632276322761]]]}},{"type":"Feature","properties":{"ward":48},"geometry":{"type":"Polygon","coordinates":[[[-87.64429753841335,41.969896789745675],[-87.64516340350883,41.96974217084195],[-87.64550843273628,41.96969487004314],[-87.6496356757677,41.96917487276646],[-87.6499367152856,41.970209592226574],[-87.65041912824155,41.97164002366497],[-87.65395328285622,41.9715931557775],[-87.65403542625704,41.97162511818193],[-87.6540513574476,41.97164853811144],[-87.65487664538145,41.97158057294287],[-87.65945809863904,41.97151442724119],[-87.65973647557614,41.97145841122181],[-87.66110694842865,41.971439194961064],[-87.66114028247796,41.97265246430216],[-87.65976791001175,41.97267625333766],[-87.65986612826194,41.97632276322761],[-87.66841697192183,41.976190594255556],[-87.66842383856833,41.976285117864144],[-87.66827190538159,41.979732351189895],[-87.668413916585,41.98152708330279],[-87.66853816125374,41.982407102031374],[-87.66864945788646,41.982990336162146],[-87.6691999948725,41.98551939062144],[-87.66939128709912,41.98612910409326],[-87.6695719381161,41.98678260867134],[-87.66970724161806,41.98753260683007],[-87.66982568454326,41.988374174713655],[-87.66984668891122,41.988422852410245],[-87.66997639059757,41.98952355158371],[-87.67007787472718,41.992464087435884],[-87.67014220672387,41.99380312064896],[-87.67015351108515,41.99459835796549],[-87.670227137804,41.996455400266846],[-87.67027690873161,41.99684233062296],[-87.67031887074987,41.99703954207465],[-87.67040794963097,41.997408462422726],[-87.67054035412283,41.99784328889559],[-87.67059060051696,41.998075679548656],[-87.65690019334755,41.998229688898284],[-87.6551259994159,41.9982329997519],[-87.65512899968647,41.99830099993454],[-87.65499699967556,41.99829600016736],[-87.65500000049028,41.99831699991728],[-87.6546820562137,41.99832944748106],[-87.65459595310723,41.998241388335266],[-87.65452752924335,41.998112857932206],[-87.6544985730433,41.99799210739513],[-87.65448708848547,41.99784744856869],[-87.65444417477966,41.99768300924386],[-87.65442338576402,41.99736837477581],[-87.65443789693688,41.99727685996658],[-87.6542854039341,41.99636381668594],[-87.6542905787769,41.996268157383724],[-87.65426175990508,41.99599258083633],[-87.65427103251263,41.995957866119596],[-87.65429512520436,41.99595106624993],[-87.65431544897434,41.995966828681375],[-87.65435365912249,41.996075395052095],[-87.6544513299922,41.99608565929652],[-87.65459463457549,41.99606315414011],[-87.6546382846326,41.996040662866264],[-87.65464432972439,41.99594596843147],[-87.65466375308858,41.995942544098185],[-87.65463897972221,41.99568433266609],[-87.65457951402404,41.99553011497104],[-87.65448468559339,41.99537000708316],[-87.65449760666954,41.995272473174566],[-87.65448453561244,41.995128023677296],[-87.65455864966953,41.99495609959665],[-87.65455683783864,41.99476303530574],[-87.65458137395386,41.994687084178366],[-87.65460042685393,41.99453140942288],[-87.65439068700181,41.99453321489498],[-87.65436054660357,41.99429547105698],[-87.65430035689356,41.99426506674617],[-87.65426608848072,41.99410778734845],[-87.65425913407304,41.99396600832684],[-87.65427989940994,41.99388147287293],[-87.65443270678851,41.993860805856144],[-87.65450480106117,41.993667575379675],[-87.65450616357558,41.99365701904371],[-87.6544491394423,41.993654156410265],[-87.65447118023344,41.99362593917899],[-87.65447215342813,41.99357240631037],[-87.65446577561664,41.99348024571377],[-87.65445119559189,41.99347793839114],[-87.65445491578348,41.99346368936768],[-87.65451112843598,41.99345987760448],[-87.65452700989331,41.993391613570594],[-87.65428646543535,41.99308017987001],[-87.65425684511109,41.99306370519592],[-87.65410034297597,41.99305133526485],[-87.65409310163987,41.993005710846525],[-87.6541486406244,41.992584367598965],[-87.65420990765391,41.992371478563705],[-87.6542999586483,41.99181425546176],[-87.6543245855821,41.990995916937486],[-87.65441315131658,41.99099336796773],[-87.65438202571335,41.99092466204372],[-87.65423844887074,41.99086656838354],[-87.65418890034583,41.99029205237568],[-87.65418695323201,41.99021580773999],[-87.65420935741231,41.9901670391986],[-87.65430599396753,41.99012172765928],[-87.6542888015698,41.9900675642178],[-87.65420150926559,41.98996405887956],[-87.65419292435227,41.989923943679436],[-87.65423268513257,41.98968883694775],[-87.65422732841611,41.98953178246975],[-87.65419792422003,41.98946390865908],[-87.65419627921102,41.98937638654184],[-87.65423810869915,41.988659466529576],[-87.65423065421383,41.98854059946359],[-87.65424400329091,41.98852020686483],[-87.65430389410508,41.98850214681616],[-87.65430789299539,41.988406233737855],[-87.65393073173581,41.98797612763441],[-87.65354250885456,41.98756966480073],[-87.65338840466322,41.98745774935625],[-87.65309224698976,41.987297216321494],[-87.65266418331849,41.98696828350267],[-87.65226168238425,41.98669150437171],[-87.65192572437455,41.986428620992164],[-87.651590293497,41.986137060819246],[-87.65140528741077,41.98602619531706],[-87.65105608427434,41.98576429937558],[-87.65097693159868,41.985722720999675],[-87.650665146732,41.98560788918899],[-87.65028006123266,41.98554451240438],[-87.64989369932013,41.98542160537951],[-87.64939645568599,41.98640416691679],[-87.64935180710165,41.986393335592155],[-87.65022107653128,41.98466939532516],[-87.6503650371602,41.98433902697346],[-87.65053859090507,41.983834387526436],[-87.65061967144615,41.98352301887244],[-87.65068344923019,41.98319225599248],[-87.65072389502886,41.98285946093913],[-87.65074131941793,41.98248146860523],[-87.6507054304456,41.98110007377158],[-87.65066855707413,41.9806613601314],[-87.65060778851527,41.980411002738855],[-87.65055485895957,41.98027707247436],[-87.65022341230257,41.97972175983809],[-87.65038421504188,41.97961558417071],[-87.65043910657903,41.97954502809746],[-87.65047512843579,41.97945745524604],[-87.6502813792504,41.97939225345139],[-87.65023257034049,41.97935837278725],[-87.64976514230642,41.978906202002406],[-87.64877399597579,41.97815310590953],[-87.64870218478595,41.97807970898282],[-87.64865054933999,41.97799740387926],[-87.64860387262553,41.97784002046611],[-87.64736932403173,41.97776289302387],[-87.64711975735293,41.977701112102956],[-87.6469647770496,41.977639757547536],[-87.64669288168996,41.97747232763553],[-87.6461449584456,41.977836936510606],[-87.64611468840958,41.97780991570467],[-87.64666189625133,41.97744338229856],[-87.64655940434403,41.97734016358683],[-87.64647672751448,41.97722748657574],[-87.6463930693832,41.977045374116514],[-87.64636574738118,41.976918539299824],[-87.64625827184402,41.9734675589005],[-87.64620663716167,41.973098347475386],[-87.64614312777111,41.97285538070904],[-87.64600505243412,41.97249876765188],[-87.64568931304773,41.971869580717055],[-87.6454504331502,41.971455888308896],[-87.64502747978484,41.97079883291269],[-87.64429753841335,41.969896789745675]]]}},{"type":"Feature","properties":{"ward":49},"geometry":{"type":"Polygon","coordinates":[[[-87.65728686727593,42.00421221083326],[-87.65728924734063,42.00392479714592],[-87.65723753851772,42.00371088496046],[-87.65719728757577,42.00367961198679],[-87.657114157029,42.003563125738516],[-87.65697509130494,42.003201226056426],[-87.65700521221845,42.00312934087035],[-87.65691908426581,42.00294870508339],[-87.6568751271604,42.002753444432045],[-87.65689779785541,42.00267632950944],[-87.65689743158084,42.002599573106664],[-87.65686508217075,42.002520624109614],[-87.65658950005391,42.00215075634832],[-87.65644542772465,42.00206373975757],[-87.65599275172069,42.00109613134926],[-87.65596511987759,42.00093320986005],[-87.65603799514864,42.00079494883973],[-87.65600701850738,42.00065969702644],[-87.65565083024036,41.99961129061658],[-87.65562193794436,41.99955011780018],[-87.65530797532297,41.999109961609534],[-87.65521399679493,41.99905990134461],[-87.655090697269,41.998902288103665],[-87.6548256770562,41.998503171019095],[-87.6546820562137,41.99832944748106],[-87.65500000049028,41.99831699991728],[-87.65499699967556,41.99829600016736],[-87.65512899968647,41.99830099993454],[-87.6551259994159,41.9982329997519],[-87.65690019334755,41.998229688898284],[-87.67059060051696,41.998075679548656],[-87.67096692165451,41.99907756737424],[-87.67125190057973,42.00000655457419],[-87.67185691462889,42.001704083939984],[-87.67511806925424,42.00164577414749],[-87.6751955860082,42.00436828882121],[-87.67555887268217,42.00438647880243],[-87.6797599047407,42.00430601526717],[-87.68176064000224,42.008650036862626],[-87.68193069582588,42.009054946554805],[-87.68305304902981,42.01222003135071],[-87.68352327329946,42.012209384845626],[-87.68755676010646,42.01225273279568],[-87.6875100295988,42.01737374205348],[-87.6875470249207,42.01741264326172],[-87.68763705416997,42.01741822664781],[-87.69019669764872,42.01743693291174],[-87.69017356996841,42.01952843147906],[-87.6772804423351,42.01942688284044],[-87.67707864106829,42.01940750857443],[-87.67607023329614,42.019395377942466],[-87.67312064661954,42.01938578514361],[-87.67624075343042,42.02192774385747],[-87.67664628761355,42.02245991070376],[-87.67705606044994,42.0230385873914],[-87.66512638988668,42.022947571237985],[-87.66518701614645,42.02284385089495],[-87.66526726310407,42.02274728341248],[-87.66528403062756,42.022696091633264],[-87.66526711073139,42.02261789498513],[-87.66516507496755,42.02247177709517],[-87.66505140214439,42.02236200656189],[-87.66493882809704,42.022291237831055],[-87.66484616569797,42.02226591782056],[-87.664793820381,42.02222299544718],[-87.66474913036811,42.02208901255599],[-87.66469934038578,42.02202544180014],[-87.66463230936517,42.02187236439325],[-87.66463020522987,42.02182369799089],[-87.66464930178203,42.021785445746595],[-87.66471799269057,42.021734447582475],[-87.66464506323081,42.021610452137125],[-87.66444860894502,42.02142819207503],[-87.66418592093709,42.02125213140072],[-87.66400949642254,42.021332467299146],[-87.66385784424595,42.02072816463463],[-87.66388397090813,42.02071944797288],[-87.6638088694764,42.020450224113],[-87.66373858608087,42.02038988077245],[-87.6637285074014,42.0203613925942],[-87.66392681932575,42.02031688602231],[-87.66388492423968,42.020181490248],[-87.66400752250254,42.020176690761915],[-87.66385470617902,42.01965898741486],[-87.66387784505083,42.01964235572376],[-87.66392708530981,42.019642395314],[-87.66392772298613,42.01960266343525],[-87.6638793235375,42.01951544541688],[-87.66364233395272,42.01950407481515],[-87.66363796662569,42.0193731518901],[-87.66383399352458,42.0193637571984],[-87.66385627497438,42.019348054140806],[-87.66386914981788,42.01932773969869],[-87.66386926722424,42.01920408780568],[-87.6639858322367,42.019185064115376],[-87.66398035139896,42.01907597915409],[-87.6637153277183,42.01874139886923],[-87.66356555751611,42.01862831461514],[-87.6634178761046,42.01862133331293],[-87.66335509449571,42.01858279602955],[-87.66328224772322,42.01843380096793],[-87.66328228187035,42.01832186623177],[-87.66332743858577,42.01830067070981],[-87.66333258062973,42.018150812812195],[-87.6634118696034,42.018148779017345],[-87.66334396168881,42.01796765159035],[-87.66328799417437,42.0179216066608],[-87.66326896720045,42.017851601071705],[-87.66330231404834,42.01781952377536],[-87.66327263525547,42.01776498832197],[-87.66314317034411,42.017723124783636],[-87.663130451496,42.01729430025682],[-87.66319456347594,42.01729028281988],[-87.6631842405932,42.017211411259176],[-87.66315300398738,42.017172123493665],[-87.66299912459044,42.01713898088822],[-87.66299479136532,42.017092661138356],[-87.66305901005038,42.016882091227515],[-87.66309366871113,42.01685474202305],[-87.66300524856803,42.01674163258958],[-87.66287785827333,42.01669879231212],[-87.66284128254115,42.01664934827554],[-87.66280545642415,42.016647847937826],[-87.66276633218901,42.01653645328445],[-87.66274404480778,42.016359954913916],[-87.66275041426019,42.01626518033576],[-87.66272473321952,42.01619107532079],[-87.66262474394715,42.016121721965256],[-87.66255382555077,42.01604515578822],[-87.66253943018388,42.01594790103016],[-87.66258329644057,42.01585658312992],[-87.66254689872828,42.01580439675859],[-87.66252727044186,42.01560620714877],[-87.66246515884049,42.015427170234844],[-87.66229053675033,42.01521484798654],[-87.66221853118402,42.015105400048576],[-87.66217118856325,42.014981360735604],[-87.66208582500003,42.01496305053598],[-87.6620711141447,42.01484674848545],[-87.66202088111693,42.01471415896804],[-87.66199876680793,42.01458447716178],[-87.66189533886443,42.014426054175914],[-87.66178396741496,42.01404305555862],[-87.66169918280661,42.01397340499427],[-87.66157206208968,42.013730598298245],[-87.66150407993219,42.01347348218857],[-87.66151496454157,42.01340867691471],[-87.66160484642113,42.01336016069522],[-87.66162119814145,42.01332041090766],[-87.66150043368552,42.013124207674366],[-87.6613261506448,42.01295041418368],[-87.66124912379601,42.012773046641314],[-87.66119071881442,42.01277034491628],[-87.66119690900882,42.01269277444236],[-87.66117611295016,42.01258842977071],[-87.6611317245135,42.01249857174064],[-87.66093352957272,42.01222680697753],[-87.66093868487536,42.012208890187544],[-87.66107365002316,42.01216758442724],[-87.66102639610212,42.01204585082571],[-87.66078783939889,42.01175274676921],[-87.66064315792839,42.011619903865544],[-87.6603842437414,42.011446572645866],[-87.6601473586153,42.01123986370219],[-87.6601390421447,42.011218904080636],[-87.66027803242645,42.01115509412926],[-87.66012016882928,42.010981312206425],[-87.65921663424588,42.01023980009304],[-87.65889695795752,42.0098492087389],[-87.65888310140797,42.00981644387541],[-87.65889015616646,42.00978251262002],[-87.6589528373754,42.00975988490037],[-87.65884143061601,42.00974852820631],[-87.65878977056602,42.00971018878127],[-87.65866119867529,42.00954028266926],[-87.65811555085114,42.00905080372516],[-87.65751869268794,42.00845350522815],[-87.65733838564299,42.00831581169598],[-87.65698032511736,42.00800094713745],[-87.65683959733805,42.00784364564207],[-87.65674485502737,42.007680137221456],[-87.656459569105,42.007421872783],[-87.65534818396331,42.00668914804158],[-87.65584442373893,42.00630731486938],[-87.65739408890953,42.00627948801169],[-87.65741206111663,42.00620132980511],[-87.65742145605905,42.005616214014815],[-87.65731198302711,42.00507172743795],[-87.65707100600596,42.00462229177448],[-87.6570456769191,42.00459612865535],[-87.65702206890441,42.00459483715203],[-87.65702583141622,42.004531468574754],[-87.65696772769994,42.00441751643894],[-87.6568227339788,42.00425036358989],[-87.65682484236702,42.0042145099013],[-87.65728686727593,42.00421221083326]]]}},{"type":"Feature","properties":{"ward":50},"geometry":{"type":"Polygon","coordinates":[[[-87.68189143222699,42.0089614765422],[-87.68265950038663,42.00892801493388],[-87.68241957642967,42.00837934653628],[-87.69014653131123,42.00805143301848],[-87.69016225820094,42.00863013447175],[-87.69037170069102,42.00865194319302],[-87.6949663002019,42.008558839209805],[-87.69494740274014,42.00494729944074],[-87.69067948235777,42.00502283233307],[-87.69070313896019,42.00591897256151],[-87.69009164087227,42.005928031388784],[-87.68993120707856,41.999543562727915],[-87.6874960369286,41.999585769924764],[-87.68750821410819,42.000035088783996],[-87.68280952824017,42.00012137131318],[-87.6802101264772,42.000144041849545],[-87.68021517058304,42.00031495180629],[-87.67793807486774,42.00035726933721],[-87.67683740464626,41.997959318950784],[-87.68257312466608,41.99785403814749],[-87.68238891704179,41.99421935313338],[-87.68947459174781,41.99409661872858],[-87.69829979936422,41.993992900245665],[-87.69818077151926,41.99045038921793],[-87.70303965334354,41.99042298516502],[-87.7029725815646,41.98834072367907],[-87.70299139144811,41.988264675673996],[-87.70331176108445,41.987967453526785],[-87.69923759597731,41.98554499570986],[-87.69915742104398,41.9831209204929],[-87.7069017748452,41.983080467290854],[-87.7070108250636,41.98342346344488],[-87.70702462747589,41.98353511793199],[-87.70707319957957,41.98363411985359],[-87.70718579021563,41.98397891056763],[-87.70726095887534,41.98428409161287],[-87.70731993009547,41.98445183688083],[-87.70739267859969,41.98459495950242],[-87.70743962948399,41.984795925998455],[-87.70750885877743,41.98495283224365],[-87.70750723075211,41.98516785893913],[-87.70771855442389,41.985684837920935],[-87.7078220814045,41.98602809746741],[-87.70782848486178,41.986140479471686],[-87.70787583753716,41.986345647045965],[-87.70776739076489,41.98640339722005],[-87.70775725713725,41.986439071411795],[-87.70777010218441,41.98648710984651],[-87.7078480928582,41.986470795966774],[-87.70794376895712,41.98652274291874],[-87.7081560607901,41.9870392598904],[-87.70820635048753,41.98724894311945],[-87.70821602846256,41.987353824294594],[-87.70824846876631,41.98744796248835],[-87.70828328003554,41.98748034136552],[-87.70826587116245,41.98753781967377],[-87.70830677982795,41.987631070321214],[-87.70831479680473,41.987732813807625],[-87.70847068182724,41.988187991730555],[-87.7085179695712,41.98842274060085],[-87.7085084147708,41.988470684926654],[-87.70848065862089,41.988491774318206],[-87.7085909257258,41.98867321646664],[-87.70868838818886,41.988896493559004],[-87.708771662557,41.98928066787716],[-87.70882729524732,41.9894372246418],[-87.70886298641382,41.989454789672166],[-87.70891369383612,41.98975390855749],[-87.70897611087405,41.989957757493215],[-87.70900085627257,41.990158245872095],[-87.70909331045472,41.99038472929638],[-87.7213572107384,41.99023008323794],[-87.72136770653353,41.99066387707624],[-87.72194017795562,41.99065551764478],[-87.72199034357853,41.990679493972635],[-87.72205945710033,41.993722124236186],[-87.72329735329033,41.9937205064751],[-87.72335647212431,41.99680595926118],[-87.72285901596813,41.99680356152059],[-87.72274615372277,41.99679044765143],[-87.72275595137585,41.99715564238518],[-87.72278832417265,41.99726224007049],[-87.71428686066916,41.99730873154394],[-87.70945364607995,41.99738754856209],[-87.7094774709527,42.001171830199176],[-87.70947530994601,42.00451890563263],[-87.70931580103367,42.010540377241796],[-87.70919008456256,42.01166827926983],[-87.70901447064846,42.01913110805738],[-87.69017356996841,42.01952843147906],[-87.69019669764872,42.01743693291174],[-87.68763705416997,42.01741822664781],[-87.6875470249207,42.01741264326172],[-87.6875100295988,42.01737374205348],[-87.68755676010646,42.01225273279568],[-87.68352327329946,42.012209384845626],[-87.68305304902981,42.01222003135071],[-87.68189143222699,42.0089614765422]]]}}]}